doy,tmax_C,tmin_C,precip_mm,rh_max_pct,rh_min_pct,solar_MJ_m2,tmax_C_7d_median,tmin_C_7d_median,precip_mm_7d_median,rh_max_pct_7d_median,rh_min_pct_7d_median,solar_MJ_m2_7d_median,tmax_C_30d_median,tmin_C_30d_median,precip_mm_30d_median,rh_max_pct_30d_median,rh_min_pct_30d_median,solar_MJ_m2_30d_median
1,34.5,20.1,0.0,32.0,14.0,21.2,34.6,20.475,0.0,32.0,13.75,21.16,34.96666666666667,20.64,0.0,31.466666666666665,13.2,21.366666666666667
2,34.6,20.5,0.0,34.0,14.0,21.07,34.58,20.48,0.0,32.4,14.2,21.178,35.0,20.6375,0.0,31.375,13.125,21.36375
3,34.6,20.7,0.0,31.0,13.0,21.12,34.61666666666667,20.55,0.0,32.666666666666664,14.166666666666666,21.19,35.04705882352941,20.676470588235293,0.0,31.470588235294116,13.058823529411764,21.365294117647057
4,34.7,20.6,0.0,31.0,14.0,21.25,34.65714285714286,20.571428571428573,0.0,32.857142857142854,14.0,21.222857142857144,35.07222222222222,20.694444444444443,0.0,31.444444444444443,13.0,21.39
5,34.5,20.5,0.0,34.0,16.0,21.25,34.72857142857143,20.642857142857142,0.0,32.57142857142857,14.0,21.245714285714286,35.078947368421055,20.678947368421053,0.0,31.36842105263158,12.894736842105264,21.391052631578948
6,34.8,20.9,0.0,34.0,14.0,21.25,34.81428571428572,20.714285714285715,0.0,32.285714285714285,13.857142857142858,21.24857142857143,35.095,20.72,0.0,31.35,12.85,21.4025
7,34.9,20.7,0.0,34.0,13.0,21.42,34.92857142857143,20.785714285714285,0.0,32.42857142857143,13.714285714285714,21.292857142857144,35.114285714285714,20.738095238095237,0.0,31.238095238095237,12.761904761904763,21.423809523809524
8,35.0,20.6,0.0,30.0,14.0,21.36,35.0,20.785714285714285,0.0,32.857142857142854,13.571428571428571,21.30857142857143,35.163636363636364,20.745454545454546,0.0,31.181818181818183,12.681818181818182,21.425
9,35.2,21.0,0.0,32.0,13.0,21.09,35.114285714285714,20.842857142857145,0.0,32.42857142857143,13.142857142857142,21.367142857142856,35.2,20.76086956521739,0.0,31.304347826086957,12.652173913043478,21.440434782608694
10,35.4,21.2,0.0,32.0,12.0,21.43,35.142857142857146,20.857142857142858,0.0,31.571428571428573,13.0,21.428571428571427,35.24166666666667,20.7625,0.0,31.333333333333332,12.541666666666666,21.459999999999997
11,35.2,20.6,0.0,34.0,13.0,21.36,35.18571428571429,20.75714285714286,0.0,30.571428571428573,12.714285714285714,21.474285714285713,35.288000000000004,20.791999999999998,0.0,31.36,12.48,21.476799999999997
12,35.3,20.9,0.0,31.0,13.0,21.66,35.27142857142857,20.714285714285715,0.0,30.285714285714285,12.285714285714286,21.51142857142857,35.32692307692308,20.826923076923077,0.0,31.384615384615383,12.423076923076923,21.489615384615384
13,35.0,21.0,0.0,28.0,13.0,21.68,35.31428571428571,20.657142857142862,0.0,30.0,12.142857142857142,21.544285714285714,35.35925925925926,20.85185185185185,0.0,31.22222222222222,12.444444444444445,21.49185185185185
14,35.2,20.0,0.0,27.0,11.0,21.74,35.371428571428574,20.671428571428574,0.0,30.142857142857142,12.142857142857142,21.538571428571426,35.38928571428571,20.88214285714286,0.0,31.071428571428573,12.428571428571429,21.516785714285714
15,35.6,20.3,0.0,28.0,11.0,21.62,35.41428571428572,20.728571428571428,0.0,29.714285714285715,12.0,21.602857142857143,35.42758620689656,20.920689655172417,0.0,31.137931034482758,12.379310344827585,21.534827586206895
16,35.5,20.6,0.0,30.0,12.0,21.32,35.4,20.657142857142855,0.0,29.571428571428573,11.714285714285714,21.56714285714286,35.46,20.953333333333333,0.0,31.166666666666668,12.333333333333334,21.565333333333335
17,35.8,21.3,0.0,33.0,12.0,21.39,35.45714285714286,20.728571428571428,0.0,30.0,11.571428571428571,21.55857142857143,35.53333333333333,21.003333333333334,0.0,31.0,12.233333333333333,21.596
18,35.5,21.0,0.0,31.0,12.0,21.81,35.5,20.88571428571429,0.0,30.285714285714285,11.571428571428571,21.57428571428571,35.60666666666667,21.066666666666666,0.0,31.0,12.166666666666666,21.619333333333334
19,35.2,20.4,0.0,30.0,11.0,21.41,35.58571428571429,20.971428571428568,0.0,30.571428571428573,11.571428571428571,21.55,35.66333333333333,21.086666666666666,0.0,31.1,12.1,21.653666666666666
20,35.4,21.5,0.0,31.0,12.0,21.62,35.65714285714286,21.042857142857144,0.0,31.142857142857142,11.571428571428571,21.615714285714287,35.73,21.116666666666667,0.0,31.333333333333332,12.0,21.677000000000003
21,35.5,21.1,0.0,29.0,11.0,21.85,35.714285714285715,20.97142857142857,0.0,31.0,11.285714285714286,21.69,35.82,21.18,0.0,31.066666666666666,11.8,21.716666666666665
22,36.2,20.9,0.0,30.0,11.0,21.45,35.84285714285714,21.042857142857144,0.0,31.142857142857142,11.142857142857142,21.7,35.90333333333333,21.243333333333336,0.0,30.833333333333332,11.666666666666666,21.75566666666667
23,36.0,21.1,0.0,34.0,12.0,21.78,36.0,21.228571428571428,0.0,31.428571428571427,11.142857142857142,21.75714285714286,35.98666666666667,21.316666666666666,0.0,30.433333333333334,11.566666666666666,21.77733333333333
24,36.2,20.8,0.0,32.0,10.0,21.91,36.114285714285714,21.228571428571428,0.0,30.857142857142858,11.285714285714286,21.747142857142858,36.053333333333335,21.37333333333333,0.0,30.233333333333334,11.466666666666667,21.825
25,36.4,21.5,0.0,32.0,11.0,21.88,36.214285714285715,21.314285714285713,0.0,30.571428571428573,11.428571428571429,21.79571428571429,36.11,21.426666666666666,0.0,30.0,11.366666666666667,21.878333333333334
26,36.3,21.7,0.0,32.0,11.0,21.81,36.25714285714286,21.47142857142857,0.0,31.0,11.428571428571429,21.88,36.169999999999995,21.46,0.0,30.0,11.3,21.928999999999995
27,36.2,21.5,0.0,27.0,13.0,21.55,36.31428571428572,21.585714285714285,0.0,30.714285714285715,11.285714285714286,21.975714285714282,36.24333333333333,21.506666666666668,0.0,30.0,11.2,21.97166666666667
28,36.2,21.7,0.0,27.0,12.0,22.19,36.385714285714286,21.699999999999996,0.0,30.0,11.428571428571429,22.005714285714284,36.31666666666667,21.59,0.0,30.033333333333335,11.1,22.000666666666667
29,36.5,22.0,0.0,33.0,11.0,22.04,36.44285714285714,21.828571428571426,0.0,30.285714285714285,11.571428571428571,21.990000000000002,36.39333333333333,21.660000000000004,0.0,30.166666666666668,11.0,22.021
30,36.4,21.9,0.0,32.0,11.0,22.45,36.44285714285714,21.771428571428572,0.0,30.571428571428573,11.571428571428571,22.038571428571426,36.46666666666667,21.77,0.0,30.333333333333332,11.0,22.057000000000002
31,36.7,21.6,0.0,27.0,11.0,22.12,36.51428571428571,21.771428571428572,0.0,32.142857142857146,11.285714285714286,22.095714285714283,36.52333333333333,21.84333333333333,0.0,30.366666666666667,10.933333333333334,22.08533333333333
32,36.8,22.4,0.0,34.0,12.0,21.77,36.65714285714286,21.87142857142857,0.0,32.0,11.0,22.131428571428568,36.586666666666666,21.933333333333334,0.0,30.166666666666668,10.833333333333334,22.134999999999998
33,36.3,21.3,0.0,34.0,11.0,22.15,36.771428571428565,21.985714285714288,0.0,31.142857142857142,10.857142857142858,22.185714285714287,36.63333333333333,22.006666666666668,0.0,30.033333333333335,10.766666666666667,22.185
34,36.7,21.5,0.0,38.0,11.0,21.95,36.91428571428571,22.12857142857143,0.0,29.714285714285715,10.714285714285714,22.131428571428575,36.686666666666675,22.066666666666666,0.0,30.466666666666665,10.766666666666667,22.202
35,37.2,22.4,0.0,26.0,10.0,22.44,36.957142857142856,22.22857142857143,0.0,29.285714285714285,10.714285714285714,22.22714285714286,36.769999999999996,22.160000000000004,0.0,31.233333333333334,10.9,22.231333333333335
36,37.3,22.8,0.0,27.0,10.0,22.42,36.971428571428575,22.25714285714286,0.0,28.0,10.428571428571429,22.358571428571427,36.85333333333333,22.256666666666668,0.0,32.13333333333333,10.933333333333334,22.264000000000003
37,37.4,22.9,0.0,22.0,10.0,22.07,37.1,22.385714285714283,0.0,27.714285714285715,10.285714285714286,22.472857142857144,36.92999999999999,22.35,0.0,32.5,10.966666666666667,22.316666666666666
38,37.0,22.3,0.0,24.0,11.0,22.79,37.199999999999996,22.457142857142856,0.0,27.142857142857142,10.142857142857142,22.571428571428573,36.980000000000004,22.436666666666667,0.0,33.233333333333334,11.0,22.375666666666667
39,36.9,22.6,0.0,25.0,10.0,22.69,37.24285714285714,22.599999999999998,0.0,28.0,10.142857142857142,22.584285714285716,37.04333333333334,22.529999999999998,0.0,33.53333333333333,10.966666666666667,22.419
40,37.2,22.2,0.0,32.0,10.0,22.95,37.24285714285714,22.642857142857142,0.0,28.714285714285715,10.142857142857142,22.565714285714286,37.09666666666667,22.62,0.0,33.8,11.033333333333333,22.452333333333335
41,37.4,22.0,0.0,34.0,10.0,22.64,37.24285714285714,22.7,0.0,30.142857142857142,10.285714285714286,22.67285714285714,37.16,22.673333333333336,0.0,34.06666666666667,11.066666666666666,22.517
42,37.5,23.4,0.0,32.0,10.0,22.53,37.285714285714285,22.728571428571428,0.0,30.857142857142858,10.0,22.627142857142854,37.21333333333334,22.756666666666668,0.0,35.1,11.266666666666667,22.56
43,37.3,23.1,0.0,32.0,10.0,22.29,37.357142857142854,22.82857142857143,0.0,30.714285714285715,9.857142857142858,22.64428571428571,37.266666666666666,22.866666666666667,0.0,36.4,11.533333333333333,22.60033333333333
44,37.4,23.3,0.0,32.0,11.0,22.82,37.357142857142854,23.014285714285716,0.0,30.285714285714285,9.857142857142858,22.63571428571429,37.32,22.98,0.0,37.666666666666664,11.866666666666667,22.616333333333333
45,37.3,22.5,0.0,29.0,9.0,22.47,37.31428571428571,23.12857142857143,0.0,31.714285714285715,10.142857142857142,22.59,37.36,23.096666666666668,0.0,38.63333333333333,12.2,22.619000000000003
46,37.4,23.3,0.0,24.0,9.0,22.81,37.34285714285714,23.099999999999998,0.0,34.714285714285715,10.857142857142858,22.555714285714284,37.413333333333334,23.23,0.0,39.833333333333336,12.533333333333333,22.63133333333333
47,37.2,23.5,0.0,29.0,10.0,22.89,37.42857142857143,23.285714285714285,0.0,38.42857142857143,11.285714285714286,22.6,37.45,23.38,0.0,41.166666666666664,12.9,22.650333333333332
48,37.1,22.8,0.0,44.0,12.0,22.32,37.48571428571428,23.37142857142857,0.0,39.57142857142857,11.428571428571429,22.687142857142852,37.50333333333334,23.493333333333332,0.0,42.233333333333334,13.1,22.676666666666666
49,37.7,23.2,0.0,53.0,15.0,22.29,37.542857142857144,23.514285714285712,0.0,42.857142857142854,11.857142857142858,22.79428571428571,37.57333333333334,23.646666666666665,0.0,43.333333333333336,13.466666666666667,22.715333333333334
50,37.9,24.4,0.0,58.0,13.0,22.6,37.614285714285714,23.6,0.0,45.57142857142857,12.142857142857142,22.832857142857144,37.63333333333333,23.810000000000002,0.0,44.333333333333336,13.866666666666667,22.749666666666666
51,37.8,23.9,0.0,40.0,12.0,23.43,37.699999999999996,23.599999999999998,0.0,47.142857142857146,12.428571428571429,22.835714285714285,37.68,23.956666666666667,0.0,45.666666666666664,14.266666666666667,22.762666666666668
52,37.7,23.5,0.0,52.0,12.0,23.22,37.871428571428574,23.642857142857142,0.0,46.57142857142857,12.428571428571429,23.05,37.720000000000006,24.089999999999996,0.0,47.03333333333333,14.666666666666666,22.784000000000002
53,37.9,23.9,0.0,43.0,11.0,23.08,37.9,23.785714285714285,0.0,48.0,12.714285714285714,23.16571428571429,37.75666666666667,24.226666666666667,0.0,48.5,15.033333333333333,22.811666666666667
54,37.8,23.5,0.0,40.0,12.0,22.91,37.885714285714286,23.842857142857145,0.0,49.142857142857146,13.857142857142858,23.18857142857143,37.8,24.373333333333335,0.0,50.0,15.466666666666667,22.822333333333336
55,38.3,23.1,0.0,40.0,12.0,23.82,37.885714285714286,24.014285714285712,0.0,52.714285714285715,15.285714285714286,23.080000000000002,37.830000000000005,24.490000000000002,0.0,51.6,15.966666666666667,22.814
56,37.9,24.2,0.0,63.0,17.0,23.1,37.885714285714286,24.3,0.0,54.142857142857146,16.571428571428573,22.922857142857143,37.85666666666667,24.63,0.0,52.833333333333336,16.433333333333334,22.805333333333337
57,37.8,24.8,0.0,66.0,21.0,22.76,37.9,24.585714285714285,0.0,57.714285714285715,18.0,22.885714285714283,37.876666666666665,24.783333333333335,0.0,53.93333333333333,16.933333333333334,22.812333333333335
58,37.8,25.1,0.0,65.0,22.0,22.67,37.89999999999999,24.957142857142856,0.0,61.57142857142857,19.428571428571427,22.854285714285716,37.88666666666666,24.886666666666667,0.0,55.13333333333333,17.5,22.814999999999998
59,37.7,25.5,0.0,62.0,21.0,22.12,37.91428571428571,25.342857142857145,0.0,65.28571428571429,20.285714285714285,22.67428571428572,37.91,24.976666666666667,0.0,56.46666666666667,18.033333333333335,22.843333333333337
60,38.0,25.9,0.0,68.0,21.0,22.82,37.98571428571428,25.58571428571429,0.0,65.85714285714286,21.0,22.70428571428571,37.923333333333325,25.08,0.0,57.833333333333336,18.533333333333335,22.846999999999998
61,37.8,26.1,0.0,67.0,22.0,22.69,38.08571428571429,25.814285714285713,0.0,66.14285714285714,21.285714285714285,22.735714285714288,37.96333333333333,25.206666666666667,0.0,59.3,19.066666666666666,22.879
62,38.4,25.8,0.0,66.0,18.0,22.56,38.199999999999996,26.057142857142857,0.0,66.28571428571429,21.285714285714285,22.75857142857143,37.983333333333334,25.313333333333333,0.0,60.8,19.6,22.869333333333334
63,38.4,25.9,0.0,67.0,22.0,23.31,38.31428571428571,26.242857142857144,0.0,67.14285714285714,21.428571428571427,22.892857142857142,38.016666666666666,25.406666666666663,0.0,62.2,20.066666666666666,22.862000000000002
64,38.5,26.4,0.0,68.0,23.0,22.98,38.385714285714286,26.400000000000002,0.0,66.85714285714286,21.428571428571427,22.904285714285717,38.04666666666666,25.540000000000003,0.0,63.06666666666667,20.566666666666666,22.868333333333332
65,38.6,26.8,0.0,66.0,22.0,22.83,38.457142857142856,26.485714285714288,0.0,67.14285714285714,21.714285714285715,22.96428571428571,38.056666666666665,25.66,0.0,63.63333333333333,20.9,22.884
66,38.5,26.8,0.0,68.0,22.0,23.06,38.371428571428574,26.52857142857143,0.0,68.14285714285714,22.714285714285715,22.947142857142858,38.07666666666667,25.736666666666668,0.0,64.13333333333334,21.333333333333332,22.916999999999998
67,38.5,27.0,0.0,66.0,21.0,22.9,38.31428571428571,26.599999999999998,0.0,68.42857142857143,23.0,22.85857142857143,38.08666666666667,25.823333333333334,0.0,65.23333333333333,21.866666666666667,22.912
68,38.3,26.7,0.0,69.0,24.0,23.11,38.24285714285714,26.62857142857143,0.0,68.28571428571429,23.285714285714285,22.84,38.086666666666666,25.923333333333336,0.0,65.93333333333334,22.466666666666665,22.894000000000002
69,37.8,26.1,0.0,73.0,25.0,22.44,38.128571428571426,26.585714285714285,0.0,68.57142857142857,24.0,22.80857142857143,38.086666666666666,26.003333333333334,0.0,67.06666666666666,23.1,22.876666666666665
70,38.0,26.4,0.0,69.0,24.0,22.69,38.05714285714286,26.442857142857143,0.0,69.14285714285714,24.571428571428573,22.82,38.086666666666666,26.076666666666668,0.0,68.23333333333333,23.666666666666668,22.87633333333333
71,38.0,26.6,0.0,67.0,25.0,22.85,37.957142857142856,26.357142857142858,0.0,70.14285714285714,25.285714285714285,22.824285714285715,38.09,26.19,0.0,69.26666666666667,24.1,22.871333333333336
72,37.8,26.5,0.0,68.0,27.0,22.61,37.98571428571428,26.3,0.0,70.71428571428571,25.428571428571427,22.87,38.10666666666666,26.276666666666664,0.0,69.56666666666666,24.366666666666667,22.893333333333334
73,38.0,25.8,0.0,72.0,26.0,23.14,38.01428571428571,26.357142857142858,0.0,70.14285714285714,25.428571428571427,22.881428571428568,38.126666666666665,26.333333333333332,0.0,69.76666666666667,24.566666666666666,22.932666666666666
74,37.8,26.4,0.0,73.0,26.0,22.93,38.04285714285714,26.342857142857145,0.0,70.42857142857143,25.428571428571427,22.878571428571426,38.15,26.396666666666665,0.0,69.93333333333334,24.766666666666666,22.957666666666668
75,38.5,26.3,0.0,73.0,25.0,23.43,38.04285714285714,26.371428571428574,0.0,70.85714285714286,25.714285714285715,22.830000000000002,38.17666666666666,26.45,0.0,70.3,24.966666666666665,23.010666666666665
76,38.0,26.5,0.0,69.0,25.0,22.52,38.07142857142857,26.414285714285715,0.0,71.14285714285714,25.428571428571427,22.851428571428574,38.17999999999999,26.493333333333332,0.0,70.43333333333334,25.2,23.026666666666667
77,38.2,26.3,0.0,71.0,24.0,22.67,38.142857142857146,26.542857142857144,0.0,71.28571428571429,25.428571428571427,22.915714285714284,38.19666666666667,26.516666666666666,0.0033333333333333335,70.6,25.433333333333334,23.050333333333334
78,38.0,26.8,0.0,70.0,27.0,22.51,38.18571428571429,26.557142857142853,0.0,71.28571428571429,25.714285714285715,22.965714285714284,38.18999999999999,26.55,0.0033333333333333335,70.83333333333333,25.8,23.048333333333336
79,38.0,26.8,0.0,70.0,25.0,22.76,38.07142857142857,26.58571428571429,0.0,71.28571428571429,26.428571428571427,22.85857142857143,38.193333333333335,26.566666666666666,0.0033333333333333335,71.06666666666666,26.033333333333335,23.055333333333333
80,38.5,26.7,0.0,73.0,26.0,23.59,38.05714285714286,26.557142857142857,0.0,72.42857142857143,27.142857142857142,22.864285714285717,38.18333333333333,26.57333333333333,0.0033333333333333335,71.2,26.266666666666666,23.05933333333333
81,38.1,26.5,0.0,73.0,28.0,23.28,38.0,26.47142857142857,0.0,73.0,27.857142857142858,22.897142857142853,38.14666666666666,26.58,0.013333333333333334,71.5,26.666666666666668,23.05966666666667
82,37.7,26.5,0.0,73.0,30.0,22.68,38.05714285714286,26.428571428571427,0.0,73.14285714285714,27.571428571428573,23.062857142857144,38.10666666666666,26.57,0.02333333333333333,71.83333333333333,27.066666666666666,23.041333333333334
83,37.9,26.3,0.0,77.0,30.0,22.56,38.114285714285714,26.428571428571427,0.0,73.42857142857143,27.571428571428573,23.205714285714286,38.083333333333336,26.566666666666666,0.026666666666666665,72.16666666666667,27.433333333333334,23.052666666666667
84,37.8,25.7,0.0,75.0,29.0,22.9,38.1,26.400000000000002,0.0,73.28571428571429,27.714285714285715,23.255714285714287,38.05333333333333,26.546666666666667,0.026666666666666665,72.5,27.8,23.041666666666668
85,38.4,26.5,0.0,71.0,25.0,23.67,38.15714285714286,26.47142857142857,0.0,72.85714285714286,27.714285714285715,23.275714285714287,38.03333333333333,26.563333333333333,0.029999999999999995,72.66666666666667,28.066666666666666,23.087
86,38.4,26.8,0.0,72.0,25.0,23.76,38.271428571428565,26.557142857142857,0.0,72.85714285714286,27.285714285714285,23.422857142857143,38.013333333333335,26.566666666666666,0.029999999999999995,72.93333333333334,28.4,23.101
87,38.4,26.5,0.0,72.0,27.0,23.94,38.300000000000004,26.685714285714287,0.0,72.14285714285714,27.0,23.52857142857143,38.01,26.566666666666666,0.029999999999999995,73.23333333333333,28.666666666666668,23.137333333333334
88,38.5,27.0,0.0,70.0,28.0,23.42,38.371428571428574,26.842857142857145,0.014285714285714287,71.71428571428571,27.0,23.6,38.0,26.563333333333333,0.03333333333333333,73.63333333333334,28.9,23.151333333333337
89,38.5,27.1,0.0,73.0,27.0,23.71,38.34285714285714,26.885714285714283,0.014285714285714287,72.0,27.571428571428573,23.43285714285714,37.97,26.583333333333332,0.03333333333333333,73.93333333333334,29.2,23.144999999999996
90,38.1,27.2,0.0,72.0,28.0,23.3,38.357142857142854,26.82857142857143,0.014285714285714287,72.28571428571429,28.142857142857142,23.398571428571433,37.95,26.583333333333332,0.03333333333333333,74.16666666666667,29.533333333333335,23.125999999999998
91,38.3,26.8,0.1,72.0,29.0,23.4,38.32857142857143,26.842857142857145,0.014285714285714287,72.28571428571429,28.571428571428573,23.278571428571432,37.906666666666666,26.6,0.03666666666666667,74.23333333333333,29.866666666666667,23.105000000000004
92,38.2,26.8,0.0,73.0,29.0,22.5,38.18571428571429,26.842857142857145,0.05714285714285715,73.0,29.428571428571427,23.195714285714285,37.88,26.596666666666668,0.043333333333333335,74.6,30.2,23.117
93,38.5,26.4,0.0,74.0,29.0,23.52,38.01428571428572,26.75714285714286,0.09999999999999999,73.71428571428571,30.428571428571427,23.024285714285714,37.830000000000005,26.603333333333335,0.05,74.83333333333333,30.7,23.131000000000004
94,38.2,26.6,0.0,72.0,30.0,23.1,37.97142857142857,26.714285714285715,0.11428571428571428,74.28571428571429,31.0,23.01571428571429,37.806666666666665,26.58,0.060000000000000005,75.2,30.966666666666665,23.161333333333335
95,37.5,27.0,0.3,75.0,34.0,22.84,37.84285714285714,26.614285714285717,0.09999999999999999,75.28571428571429,31.857142857142858,22.927142857142858,37.75333333333334,26.563333333333333,0.07,75.56666666666666,31.4,23.15566666666667
96,37.3,26.5,0.3,78.0,34.0,22.51,37.7,26.585714285714285,0.1142857142857143,76.0,32.42857142857143,23.112857142857145,37.67666666666666,26.55,0.07333333333333333,75.8,31.833333333333332,23.111666666666668
97,37.8,26.9,0.1,76.0,32.0,23.24,37.542857142857144,26.599999999999998,0.1142857142857143,76.42857142857143,33.142857142857146,23.054285714285715,37.63333333333333,26.546666666666667,0.08666666666666667,76.13333333333334,32.2,23.095000000000002
98,37.4,26.1,0.0,79.0,35.0,22.78,37.5,26.599999999999998,0.1142857142857143,77.0,33.57142857142857,23.174285714285713,37.583333333333336,26.526666666666664,0.09000000000000001,76.46666666666667,32.53333333333333,23.109666666666666
99,37.2,26.6,0.1,78.0,33.0,23.8,37.5,26.514285714285712,0.08571428571428572,77.71428571428571,33.57142857142857,23.201428571428572,37.55333333333333,26.509999999999998,0.11,76.73333333333333,32.833333333333336,23.124666666666666
100,37.4,26.5,0.0,77.0,34.0,23.11,37.47142857142857,26.5,0.04285714285714285,78.14285714285714,33.714285714285715,23.264285714285716,37.5,26.519999999999996,0.12333333333333334,77.0,33.233333333333334,23.101000000000003
101,37.9,26.6,0.0,76.0,33.0,23.94,37.385714285714286,26.428571428571427,0.028571428571428564,78.71428571428571,34.285714285714285,23.138571428571428,37.443333333333335,26.516666666666666,0.12333333333333334,77.4,33.666666666666664,23.100666666666665
102,37.5,26.4,0.1,80.0,34.0,23.03,37.357142857142854,26.52857142857143,0.04285714285714285,78.14285714285714,34.285714285714285,23.141428571428573,37.38333333333333,26.5,0.13666666666666666,77.73333333333333,34.2,23.086666666666666
103,37.1,26.4,0.0,81.0,35.0,22.95,37.357142857142854,26.5,0.05714285714285714,78.42857142857143,34.57142857142857,23.009999999999998,37.306666666666665,26.490000000000002,0.17333333333333334,78.1,34.63333333333333,23.038
104,37.2,26.4,0.0,80.0,36.0,22.36,37.25714285714286,26.5,0.08571428571428572,78.57142857142857,35.285714285714285,23.00714285714286,37.230000000000004,26.453333333333333,0.18333333333333332,78.5,35.03333333333333,23.028
105,37.2,26.8,0.1,75.0,35.0,22.8,37.17142857142857,26.428571428571423,0.12857142857142856,79.28571428571429,35.57142857142857,22.93285714285714,37.14,26.426666666666666,0.20666666666666667,78.86666666666666,35.56666666666667,23.002666666666666
106,37.2,26.4,0.2,80.0,35.0,22.88,37.01428571428572,26.414285714285715,0.15714285714285717,79.42857142857143,36.142857142857146,22.87,37.06333333333334,26.383333333333333,0.22000000000000003,79.23333333333333,36.1,22.983999999999998
107,36.7,26.5,0.2,78.0,39.0,23.09,36.885714285714286,26.400000000000002,0.17142857142857143,79.28571428571429,36.714285714285715,22.77285714285714,36.99333333333333,26.36,0.24000000000000002,79.6,36.53333333333333,22.96033333333333
108,37.3,26.1,0.3,81.0,35.0,23.42,36.82857142857143,26.4,0.2285714285714286,79.71428571428571,37.142857142857146,22.832857142857144,36.93333333333333,26.33,0.26,79.96666666666667,36.86666666666667,22.990333333333336
109,36.4,26.3,0.3,81.0,38.0,22.59,36.68571428571429,26.271428571428572,0.22857142857142856,80.85714285714286,37.857142857142854,22.878571428571426,36.84666666666667,26.310000000000002,0.26999999999999996,80.23333333333333,37.266666666666666,22.924
110,36.2,26.3,0.1,80.0,39.0,22.27,36.65714285714286,26.185714285714287,0.2857142857142857,81.57142857142857,38.42857142857143,22.897142857142857,36.74666666666667,26.279999999999998,0.29333333333333333,80.66666666666667,37.733333333333334,22.894
111,36.8,26.4,0.4,83.0,39.0,22.78,36.58571428571429,26.114285714285717,0.31428571428571433,82.28571428571429,38.714285714285715,22.768571428571427,36.67,26.246666666666666,0.31,81.0,38.06666666666667,22.848999999999997
112,36.2,25.9,0.1,83.0,40.0,23.12,36.5,26.157142857142862,0.2714285714285714,82.57142857142857,39.142857142857146,22.802857142857142,36.60333333333334,26.220000000000002,0.32000000000000006,81.3,38.36666666666667,22.828666666666667
113,37.0,25.8,0.6,85.0,39.0,23.01,36.52857142857143,26.157142857142855,0.2857142857142857,82.71428571428571,39.57142857142857,22.91,36.53666666666667,26.183333333333334,0.33666666666666667,81.63333333333334,38.733333333333334,22.811999999999998
114,36.2,26.0,0.4,83.0,41.0,22.19,36.51428571428571,26.142857142857142,0.42857142857142855,83.14285714285714,39.714285714285715,22.939999999999998,36.47666666666667,26.17666666666667,0.35,81.86666666666666,39.0,22.802
115,36.7,26.4,0.0,83.0,38.0,23.66,36.42857142857143,26.071428571428573,0.41428571428571426,83.0,39.857142857142854,22.988571428571426,36.43,26.14,0.36333333333333334,82.16666666666667,39.333333333333336,22.771333333333335
116,36.6,26.3,0.4,82.0,41.0,23.34,36.371428571428574,26.12857142857143,0.5,83.14285714285714,40.285714285714285,22.96428571428572,36.36666666666667,26.10666666666667,0.38333333333333336,82.56666666666666,39.63333333333333,22.75
117,36.1,26.2,1.1,83.0,40.0,22.48,36.2,26.142857142857142,0.4714285714285715,82.85714285714286,41.0,22.925714285714285,36.28333333333333,26.08,0.38666666666666666,82.9,40.03333333333333,22.66033333333333
118,36.2,25.9,0.3,82.0,40.0,23.12,36.2,26.157142857142855,0.5142857142857143,82.85714285714286,41.142857142857146,22.997142857142855,36.21,26.066666666666666,0.38999999999999996,83.03333333333333,40.36666666666667,22.647666666666666
119,35.8,26.3,0.7,84.0,43.0,22.95,36.15714285714286,26.085714285714285,0.6,83.0,41.285714285714285,22.96,36.173333333333325,26.05,0.41333333333333333,83.1,40.63333333333333,22.651666666666667
120,35.8,25.9,0.4,83.0,44.0,22.74,36.05714285714286,26.014285714285712,0.5857142857142856,83.0,41.285714285714285,22.701428571428572,36.09333333333334,26.030000000000005,0.42,83.26666666666667,40.96666666666667,22.618000000000002
121,36.2,26.1,0.7,83.0,42.0,22.69,35.92857142857143,25.942857142857143,0.5285714285714286,83.28571428571429,41.857142857142854,22.66142857142857,36.02333333333333,26.003333333333334,0.4266666666666667,83.56666666666666,41.3,22.6
122,36.4,25.9,0.6,84.0,39.0,23.4,35.785714285714285,25.95714285714286,0.6,83.71428571428571,42.42857142857143,22.428571428571427,35.943333333333335,25.976666666666667,0.43666666666666665,83.8,41.666666666666664,22.595000000000002
123,35.9,25.8,0.3,82.0,41.0,21.53,35.714285714285715,25.87142857142857,0.5857142857142856,84.14285714285714,42.42857142857143,22.27857142857143,35.89666666666666,25.956666666666667,0.43666666666666665,84.13333333333334,41.86666666666667,22.576666666666664
124,35.2,25.7,0.7,85.0,44.0,22.2,35.714285714285715,25.857142857142858,0.6142857142857142,84.57142857142857,42.285714285714285,22.27857142857143,35.81333333333334,25.939999999999998,0.43333333333333335,84.33333333333333,42.233333333333334,22.53533333333333
125,35.2,26.0,0.8,85.0,44.0,21.49,35.628571428571426,25.828571428571426,0.5714285714285714,85.0,42.42857142857143,22.24857142857143,35.773333333333326,25.93,0.4266666666666667,84.4,42.5,22.533333333333335
126,35.3,25.7,0.6,87.0,43.0,21.9,35.542857142857144,25.77142857142857,0.5571428571428572,85.42857142857143,43.0,22.174285714285713,35.74666666666667,25.91,0.44333333333333336,84.63333333333334,42.666666666666664,22.560666666666666
127,35.8,25.8,0.6,86.0,43.0,22.74,35.48571428571428,25.728571428571428,0.6,86.42857142857143,43.285714285714285,22.30857142857143,35.70666666666666,25.889999999999997,0.44000000000000006,84.66666666666667,42.86666666666667,22.57
128,35.6,25.9,0.4,86.0,43.0,22.48,35.51428571428571,25.74285714285714,0.5142857142857143,86.57142857142857,43.42857142857143,22.17285714285714,35.663333333333334,25.886666666666667,0.45333333333333337,84.7,43.06666666666667,22.554666666666666
129,35.8,25.5,0.5,87.0,43.0,22.88,35.528571428571425,25.74285714285714,0.4285714285714285,86.42857142857143,43.42857142857143,22.33857142857143,35.58666666666667,25.886666666666667,0.45,84.7,43.333333333333336,22.524333333333335
130,35.5,25.5,0.6,89.0,43.0,22.47,35.628571428571426,25.771428571428572,0.4428571428571429,85.85714285714286,43.42857142857143,22.505714285714284,35.553333333333335,25.87,0.44333333333333336,84.76666666666667,43.43333333333333,22.516333333333332
131,35.4,25.8,0.1,86.0,45.0,21.25,35.48571428571428,25.77142857142857,0.38571428571428573,85.71428571428571,43.857142857142854,22.307142857142857,35.51,25.839999999999996,0.46,84.76666666666667,43.666666666666664,22.48033333333333
132,35.3,26.0,0.2,84.0,44.0,22.65,35.41428571428571,25.785714285714285,0.37142857142857144,85.42857142857143,44.142857142857146,22.275714285714287,35.44666666666667,25.80666666666667,0.4866666666666667,84.93333333333334,43.86666666666667,22.437666666666665
133,36.0,25.9,0.7,83.0,43.0,23.07,35.271428571428565,25.800000000000004,0.37142857142857144,85.42857142857143,44.57142857142857,22.254285714285714,35.36,25.766666666666666,0.45666666666666667,85.03333333333333,44.2,22.375333333333334
134,34.8,25.8,0.2,85.0,46.0,21.35,35.24285714285714,25.857142857142858,0.31428571428571433,85.28571428571429,44.857142857142854,22.264285714285712,35.28333333333333,25.73,0.4533333333333333,85.3,44.5,22.331666666666667
135,35.1,26.0,0.3,84.0,45.0,22.26,35.15714285714286,25.82857142857143,0.32857142857142857,85.42857142857143,45.0,22.397142857142857,35.21666666666667,25.7,0.46333333333333326,85.43333333333334,44.733333333333334,22.288666666666664
136,34.8,25.6,0.5,87.0,46.0,22.73,35.142857142857146,25.82857142857143,0.31428571428571433,85.28571428571429,45.285714285714285,22.38,35.14333333333333,25.666666666666668,0.4733333333333334,85.66666666666667,44.93333333333333,22.214
137,35.3,25.9,0.2,88.0,45.0,22.54,35.05714285714286,25.8,0.3,85.85714285714286,45.42857142857143,22.382857142857144,35.07,25.63,0.45999999999999996,85.83333333333333,45.166666666666664,22.171333333333337
138,34.8,25.6,0.2,87.0,46.0,22.18,35.17142857142857,25.800000000000004,0.31428571428571433,85.71428571428571,45.285714285714285,22.62714285714286,34.983333333333334,25.6,0.45,85.96666666666667,45.46666666666667,22.09433333333333
139,35.2,26.0,0.1,83.0,46.0,22.53,35.14285714285714,25.771428571428572,0.34285714285714286,85.71428571428571,45.42857142857143,22.684285714285714,34.89333333333333,25.57,0.49333333333333335,86.13333333333334,45.8,22.084666666666667
140,35.4,25.7,0.6,87.0,44.0,23.09,35.128571428571426,25.8,0.34285714285714286,85.42857142857143,45.57142857142857,22.594285714285714,34.82333333333334,25.53666666666667,0.4966666666666667,86.26666666666667,46.06666666666667,22.005999999999997
141,35.6,25.8,0.3,84.0,45.0,23.06,35.114285714285714,25.742857142857144,0.34285714285714286,85.0,45.42857142857143,22.509999999999998,34.74333333333333,25.483333333333334,0.4766666666666667,86.4,46.3,21.968000000000004
142,34.9,25.8,0.5,84.0,46.0,22.66,35.2,25.728571428571428,0.38571428571428573,84.42857142857143,45.285714285714285,22.56714285714286,34.67999999999999,25.436666666666667,0.4799999999999999,86.5,46.5,21.915666666666663
143,34.7,25.8,0.5,85.0,47.0,22.1,35.128571428571426,25.628571428571426,0.5428571428571428,85.0,45.42857142857143,22.5,34.57333333333334,25.39,0.5033333333333333,86.7,46.86666666666667,21.817333333333337
144,35.2,25.5,0.2,85.0,44.0,21.95,34.857142857142854,25.52857142857143,0.4857142857142857,84.85714285714286,46.285714285714285,22.145714285714284,34.473333333333336,25.339999999999996,0.4933333333333333,86.86666666666666,47.166666666666664,21.741666666666667
145,35.4,25.5,0.5,83.0,45.0,22.58,34.614285714285714,25.385714285714283,0.4714285714285714,85.71428571428571,46.857142857142854,21.967142857142854,34.36666666666667,25.296666666666667,0.5033333333333333,86.96666666666667,47.46666666666667,21.673000000000002
146,34.7,25.3,1.2,87.0,47.0,22.06,34.45714285714286,25.32857142857143,0.5428571428571428,86.28571428571429,47.42857142857143,21.82428571428571,34.29,25.25333333333333,0.5066666666666666,87.03333333333333,47.766666666666666,21.595666666666666
147,33.5,25.0,0.2,86.0,50.0,20.61,34.3,25.2,0.5714285714285714,87.0,47.857142857142854,21.595714285714283,34.18,25.2,0.55,87.23333333333333,48.13333333333333,21.49866666666667
148,33.9,24.8,0.2,90.0,49.0,21.81,34.128571428571426,25.12857142857143,0.5857142857142856,87.42857142857143,48.57142857142857,21.518571428571427,34.07666666666667,25.14,0.5733333333333334,87.53333333333333,48.5,21.38866666666667
149,33.8,25.4,1.0,88.0,50.0,21.66,33.9,25.057142857142857,0.557142857142857,88.14285714285714,49.0,21.305714285714284,33.96,25.08,0.5633333333333334,87.83333333333333,48.86666666666667,21.269
150,33.6,24.9,0.7,90.0,50.0,20.5,33.68571428571429,25.0,0.6142857142857142,88.14285714285714,49.57142857142857,21.18857142857143,33.876666666666665,25.026666666666664,0.5566666666666666,88.06666666666666,49.06666666666667,21.16533333333333
151,34.0,25.0,0.3,88.0,49.0,21.41,33.628571428571426,24.95714285714286,0.7,88.57142857142857,49.857142857142854,21.078571428571426,33.77,24.969999999999995,0.5666666666666667,88.3,49.36666666666667,21.026
152,33.8,25.0,0.3,88.0,48.0,21.09,33.471428571428575,24.900000000000002,0.7,88.42857142857143,50.142857142857146,20.87,33.70333333333333,24.92666666666667,0.5700000000000001,88.4,49.5,20.884666666666664
153,33.2,24.9,1.6,87.0,51.0,21.24,33.41428571428571,24.74285714285714,0.6571428571428571,88.71428571428571,50.0,20.68,33.61333333333333,24.869999999999997,0.5833333333333334,88.5,49.766666666666666,20.784
154,33.1,24.7,0.8,89.0,52.0,19.84,33.27142857142857,24.67142857142857,0.7428571428571428,89.0,50.57142857142857,20.578571428571426,33.52333333333333,24.826666666666668,0.5966666666666666,88.6,50.06666666666667,20.70266666666667
155,32.8,24.4,0.2,89.0,51.0,20.35,33.07142857142857,24.585714285714285,0.7142857142857143,89.42857142857143,51.0,20.407142857142855,33.419999999999995,24.76,0.6166666666666667,88.86666666666666,50.36666666666667,20.53233333333333
156,33.4,24.3,0.7,90.0,49.0,20.33,32.9,24.471428571428568,0.7857142857142857,89.71428571428571,51.57142857142857,20.368571428571425,33.32,24.709999999999997,0.61,89.0,50.733333333333334,20.421666666666667
157,32.6,24.4,1.3,92.0,54.0,19.79,32.9,24.37142857142857,0.6571428571428571,90.28571428571429,51.714285714285715,20.212857142857143,33.193333333333335,24.65,0.6233333333333333,89.23333333333333,51.03333333333333,20.234666666666666
158,32.6,24.4,0.1,91.0,52.0,20.21,32.75714285714286,24.3,0.7428571428571428,90.71428571428571,52.285714285714285,19.99857142857143,33.07333333333334,24.57333333333333,0.6366666666666666,89.56666666666666,51.4,20.092666666666666
159,32.6,24.2,0.8,90.0,52.0,20.82,32.67142857142857,24.27142857142857,0.8428571428571427,91.28571428571429,52.857142857142854,19.85571428571429,32.980000000000004,24.506666666666668,0.6366666666666666,89.8,51.666666666666664,19.985999999999997
160,33.2,24.2,0.7,91.0,52.0,20.15,32.542857142857144,24.24285714285714,0.7999999999999999,91.57142857142857,53.57142857142857,19.734285714285715,32.876666666666665,24.46,0.6466666666666666,90.03333333333333,52.03333333333333,19.872333333333334
161,32.1,24.2,1.4,92.0,56.0,18.34,32.5,24.214285714285715,0.6142857142857142,91.57142857142857,53.285714285714285,19.512857142857143,32.763333333333335,24.40666666666667,0.7033333333333334,90.33333333333333,52.36666666666667,19.71833333333333
162,32.2,24.2,0.9,93.0,55.0,19.35,32.4,24.199999999999996,0.6857142857142857,91.57142857142857,53.57142857142857,19.208571428571428,32.61333333333333,24.35333333333333,0.7033333333333334,90.53333333333333,52.733333333333334,19.534666666666666
163,32.5,24.1,0.4,92.0,54.0,19.48,32.42857142857143,24.214285714285715,0.6571428571428571,91.57142857142857,53.285714285714285,18.875714285714285,32.53333333333333,24.30333333333333,0.7400000000000001,90.76666666666667,53.0,19.458333333333332
164,32.3,24.2,0.0,92.0,52.0,18.24,32.34285714285714,24.214285714285715,0.6428571428571429,91.57142857142857,53.42857142857143,18.785714285714285,32.43666666666667,24.263333333333332,0.7566666666666666,90.86666666666666,53.266666666666666,19.339333333333332
165,31.9,24.3,0.6,91.0,54.0,18.08,32.34285714285714,24.228571428571428,0.5285714285714286,91.28571428571429,53.285714285714285,18.985714285714288,32.35333333333333,24.206666666666667,0.7833333333333333,91.03333333333333,53.5,19.257333333333335
166,32.8,24.3,0.6,90.0,50.0,18.49,32.32857142857143,24.2,0.5,91.0,53.285714285714285,18.71,32.266666666666666,24.160000000000004,0.8033333333333332,91.16666666666667,53.766666666666666,19.213666666666665
167,32.6,24.2,0.6,91.0,53.0,19.52,32.31428571428572,24.214285714285715,0.49999999999999994,90.85714285714286,53.42857142857143,18.75142857142857,32.14333333333334,24.123333333333335,0.82,91.26666666666667,54.1,19.105666666666668
168,32.1,24.3,0.6,90.0,55.0,19.74,32.24285714285714,24.185714285714283,0.6,90.71428571428571,53.714285714285715,18.638571428571428,32.03,24.073333333333334,0.8333333333333334,91.43333333333334,54.5,19.033666666666665
169,32.1,24.0,0.7,91.0,55.0,17.42,32.15714285714286,24.071428571428573,0.6428571428571429,91.14285714285714,54.142857142857146,18.684285714285714,31.94666666666667,24.026666666666664,0.84,91.63333333333334,54.766666666666666,18.925333333333334
170,32.4,24.2,0.4,91.0,55.0,19.77,32.02857142857143,24.0,0.6285714285714287,91.42857142857143,54.857142857142854,18.74285714285714,31.873333333333335,23.97666666666667,0.8866666666666667,91.8,55.03333333333333,18.890666666666668
171,31.8,24.0,0.7,91.0,54.0,17.45,31.95714285714286,23.985714285714288,0.6142857142857142,91.57142857142857,55.142857142857146,18.602857142857143,31.8,23.943333333333335,0.9299999999999999,91.96666666666667,55.333333333333336,18.786666666666665
172,31.3,23.5,0.9,94.0,57.0,18.4,31.942857142857143,23.928571428571427,0.8428571428571429,91.85714285714286,55.142857142857146,18.34857142857143,31.689999999999998,23.916666666666668,0.9333333333333333,92.06666666666666,55.666666666666664,18.711333333333336
173,31.9,23.8,0.5,92.0,55.0,18.9,31.67142857142857,23.885714285714283,0.9142857142857144,92.14285714285714,55.57142857142857,18.224285714285713,31.62666666666667,23.88,0.9166666666666666,92.13333333333334,55.833333333333336,18.659666666666666
174,32.1,24.1,0.5,92.0,55.0,18.54,31.485714285714288,23.785714285714285,1.042857142857143,92.42857142857143,56.0,18.017142857142854,31.563333333333336,23.843333333333337,0.9433333333333334,92.23333333333333,56.06666666666667,18.60533333333333
175,32.0,23.9,2.2,92.0,55.0,17.96,31.371428571428574,23.72857142857143,1.042857142857143,92.71428571428571,56.42857142857143,18.13,31.5,23.816666666666666,0.9866666666666667,92.36666666666666,56.4,18.535666666666664
176,30.2,23.7,1.2,93.0,58.0,16.55,31.37142857142857,23.75714285714286,1.1714285714285713,92.57142857142857,56.42857142857143,18.244285714285713,31.40333333333333,23.783333333333335,1.0799999999999998,92.5,56.733333333333334,18.479333333333333
177,31.1,23.5,1.3,93.0,58.0,18.32,31.24285714285714,23.714285714285715,1.2857142857142858,92.85714285714286,56.857142857142854,18.285714285714285,31.323333333333334,23.743333333333332,1.13,92.63333333333334,56.96666666666667,18.463
178,31.0,23.6,0.7,93.0,57.0,18.24,30.985714285714288,23.685714285714287,1.3285714285714287,92.71428571428571,57.42857142857143,18.232857142857142,31.246666666666666,23.706666666666663,1.1466666666666667,92.7,57.166666666666664,18.397
179,31.3,23.7,1.8,93.0,57.0,19.2,30.75714285714286,23.62857142857143,1.1142857142857143,92.85714285714286,58.142857142857146,18.37142857142857,31.15,23.67,1.1900000000000002,92.83333333333333,57.46666666666667,18.302333333333333
180,31.0,23.5,1.3,94.0,58.0,19.19,30.82857142857143,23.6,1.2,92.85714285714286,58.285714285714285,18.577142857142857,31.080000000000002,23.636666666666667,1.22,92.93333333333334,57.833333333333336,18.312333333333335
181,30.3,23.9,0.8,91.0,59.0,18.17,30.8,23.557142857142857,1.3285714285714287,93.0,58.57142857142857,18.645714285714288,31.029999999999998,23.6,1.2433333333333334,93.06666666666666,58.1,18.367666666666665
182,30.4,23.5,0.7,93.0,60.0,18.93,30.74285714285714,23.52857142857143,1.442857142857143,93.14285714285714,59.0,18.50142857142857,30.933333333333334,23.566666666666666,1.3133333333333332,93.23333333333333,58.53333333333333,18.300333333333334
183,30.7,23.5,1.8,93.0,59.0,17.99,30.571428571428573,23.5,1.3,93.14285714285714,59.285714285714285,18.34,30.833333333333332,23.526666666666667,1.3733333333333333,93.36666666666666,58.9,18.200333333333333
184,30.9,23.2,2.2,94.0,60.0,18.8,30.528571428571432,23.47142857142857,1.2285714285714289,93.14285714285714,59.42857142857143,18.204285714285714,30.75333333333333,23.483333333333334,1.5366666666666664,93.53333333333333,59.2,18.128
185,30.6,23.4,1.5,94.0,60.0,17.23,30.585714285714285,23.385714285714283,1.2428571428571427,93.57142857142857,59.42857142857143,18.262857142857143,30.660000000000004,23.453333333333333,1.6,93.66666666666667,59.5,18.10966666666667
186,30.1,23.5,0.8,93.0,59.0,18.07,30.628571428571426,23.37142857142857,1.442857142857143,93.71428571428571,59.714285714285715,18.23428571428571,30.57333333333333,23.410000000000004,1.62,93.76666666666667,59.766666666666666,18.033333333333335
187,30.7,23.3,0.8,94.0,59.0,18.24,30.571428571428573,23.328571428571426,1.6857142857142857,94.0,60.142857142857146,18.301428571428573,30.496666666666666,23.383333333333333,1.66,93.86666666666666,60.0,18.029999999999998
188,30.7,23.3,0.9,94.0,59.0,18.58,30.4,23.3,1.7857142857142858,94.28571428571429,60.57142857142857,18.165714285714284,30.413333333333334,23.363333333333337,1.7533333333333334,93.86666666666666,60.233333333333334,17.921333333333333
189,30.7,23.4,2.1,94.0,62.0,18.73,30.3,23.25714285714286,1.7714285714285716,94.42857142857143,60.714285714285715,18.185714285714287,30.319999999999997,23.326666666666664,1.8300000000000003,93.96666666666667,60.63333333333333,17.857666666666667
190,30.3,23.2,3.5,95.0,62.0,18.46,30.228571428571428,23.185714285714287,1.9,94.85714285714286,61.285714285714285,17.98142857142857,30.216666666666665,23.283333333333335,1.9633333333333336,94.1,61.0,17.843
191,29.7,23.0,2.9,96.0,63.0,17.85,30.157142857142855,23.17142857142857,1.9142857142857144,95.0,61.857142857142854,18.024285714285714,30.113333333333337,23.25333333333333,1.98,94.23333333333333,61.36666666666667,17.818
192,29.9,23.1,1.4,95.0,61.0,17.37,30.114285714285717,23.157142857142855,1.9714285714285715,95.14285714285714,62.285714285714285,18.19,30.083333333333332,23.22666666666667,2.0100000000000002,94.3,61.63333333333333,17.81433333333333
193,29.6,23.0,1.7,96.0,63.0,16.64,30.0,23.142857142857142,2.057142857142857,95.28571428571429,62.42857142857143,17.867142857142856,30.02,23.206666666666667,2.0366666666666666,94.33333333333333,61.833333333333336,17.733666666666668
194,30.2,23.2,0.9,95.0,63.0,18.54,29.900000000000002,23.114285714285717,1.9,95.28571428571429,62.714285714285715,17.59,29.96333333333333,23.186666666666667,2.0766666666666667,94.4,62.1,17.679666666666666
195,30.4,23.2,1.3,95.0,62.0,19.74,29.900000000000002,23.114285714285717,2.2714285714285714,95.14285714285714,62.857142857142854,17.55,29.903333333333332,23.156666666666663,2.143333333333333,94.5,62.4,17.647333333333332
196,29.9,23.3,2.7,95.0,63.0,16.47,29.814285714285713,23.11428571428571,2.442857142857143,95.14285714285714,63.285714285714285,17.478571428571428,29.84,23.139999999999997,2.2066666666666666,94.56666666666666,62.666666666666664,17.582
197,29.6,23.0,2.4,95.0,64.0,16.52,29.842857142857145,23.1,2.342857142857143,94.85714285714286,63.285714285714285,17.59857142857143,29.80333333333333,23.11,2.296666666666667,94.7,62.96666666666667,17.523
198,29.7,23.0,5.5,95.0,64.0,17.57,29.74285714285714,23.099999999999998,2.4857142857142853,94.71428571428571,63.0,17.428571428571427,29.763333333333332,23.089999999999996,2.386666666666667,94.8,63.166666666666664,17.465333333333334
199,29.3,23.1,2.6,95.0,64.0,16.87,29.514285714285716,23.057142857142857,2.8285714285714287,94.57142857142857,63.285714285714285,16.771428571428572,29.71,23.07,2.443333333333334,94.86666666666666,63.4,17.431333333333335
200,29.8,22.9,1.0,94.0,63.0,17.48,29.400000000000002,22.971428571428568,2.8428571428571425,94.57142857142857,63.857142857142854,16.845714285714287,29.66,23.049999999999997,2.4633333333333334,94.93333333333334,63.53333333333333,17.409666666666666
201,29.5,23.2,1.9,94.0,61.0,17.35,29.314285714285713,22.942857142857143,3.142857142857143,94.71428571428571,64.14285714285714,17.071428571428573,29.623333333333335,23.033333333333335,2.5,94.96666666666667,63.666666666666664,17.387333333333334
202,28.8,22.9,3.7,94.0,64.0,15.14,29.2,22.942857142857143,2.7428571428571433,94.85714285714286,64.42857142857143,17.02,29.6,23.009999999999998,2.536666666666667,95.0,63.833333333333336,17.370333333333335
203,29.1,22.7,2.8,95.0,67.0,16.99,29.2,22.914285714285715,2.6714285714285713,94.85714285714286,64.71428571428571,16.958571428571428,29.543333333333333,22.993333333333332,2.5766666666666667,95.0,64.1,17.329666666666665
204,29.0,22.8,4.5,96.0,66.0,18.1,29.114285714285717,22.91428571428571,2.8285714285714287,94.85714285714286,64.85714285714286,16.732857142857146,29.49,22.98,2.6266666666666665,95.03333333333333,64.3,17.28033333333333
205,28.9,23.0,2.7,96.0,66.0,17.21,29.085714285714285,22.885714285714283,2.8285714285714283,95.0,65.42857142857143,16.62857142857143,29.45,22.956666666666663,2.6366666666666663,95.06666666666666,64.33333333333333,17.216666666666665
206,29.3,22.9,2.1,95.0,66.0,16.44,29.185714285714283,22.87142857142857,2.8428571428571425,95.28571428571429,65.71428571428571,17.07,29.40666666666667,22.946666666666665,2.703333333333333,95.06666666666666,64.5,17.16
207,29.2,22.9,2.1,94.0,64.0,15.9,29.185714285714287,22.914285714285715,2.9,95.42857142857143,65.57142857142857,17.104285714285716,29.38,22.943333333333335,2.6700000000000004,95.03333333333333,64.56666666666666,17.142999999999997
208,29.3,23.0,1.9,95.0,65.0,16.62,29.214285714285715,22.942857142857143,2.757142857142857,95.28571428571429,65.85714285714286,16.861428571428572,29.366666666666667,22.94,2.7266666666666666,95.03333333333333,64.66666666666667,17.159
209,29.5,22.8,3.8,96.0,66.0,18.23,29.257142857142856,22.928571428571427,2.857142857142857,95.28571428571429,65.85714285714286,16.86,29.363333333333333,22.94,2.75,95.03333333333333,64.76666666666667,17.241666666666667
210,29.1,23.0,3.2,96.0,66.0,17.23,29.22857142857143,22.928571428571427,3.057142857142857,95.28571428571429,65.85714285714286,16.935714285714287,29.33,22.936666666666664,2.8533333333333335,95.06666666666666,64.9,17.222333333333335
211,29.2,23.0,3.5,95.0,68.0,16.4,29.257142857142856,22.88571428571429,3.157142857142857,95.57142857142857,65.85714285714286,17.257142857142856,29.279999999999998,22.92,2.9600000000000004,95.1,65.06666666666666,17.102333333333334
212,29.2,22.9,3.4,96.0,66.0,17.2,29.285714285714285,22.87142857142857,3.257142857142857,95.57142857142857,65.71428571428571,17.24857142857143,29.243333333333332,22.89333333333333,3.0966666666666667,95.16666666666667,65.3,17.039666666666665
213,29.1,22.9,3.5,95.0,66.0,16.97,29.271428571428572,22.87142857142857,2.9857142857142853,95.28571428571429,65.42857142857143,17.15285714285714,29.216666666666665,22.876666666666665,3.15,95.2,65.46666666666667,17.053
214,29.4,22.6,2.8,96.0,64.0,18.15,29.257142857142856,22.842857142857145,2.814285714285714,95.0,65.57142857142857,17.12285714285714,29.193333333333335,22.856666666666666,3.1766666666666667,95.23333333333333,65.6,17.020333333333333
215,29.5,22.9,2.6,95.0,64.0,16.56,29.24285714285714,22.82857142857143,2.657142857142857,95.0,65.14285714285714,17.22285714285714,29.18,22.84333333333333,3.2133333333333334,95.3,65.7,16.993000000000002
216,29.4,22.8,1.9,94.0,64.0,17.56,29.285714285714285,22.8,2.5142857142857147,94.85714285714286,64.71428571428571,17.16857142857143,29.146666666666665,22.836666666666662,3.2766666666666664,95.36666666666666,65.86666666666666,16.952333333333332
217,29.0,22.8,2.0,94.0,67.0,17.02,29.27142857142857,22.8,2.8000000000000003,94.85714285714286,64.85714285714286,17.138571428571428,29.13,22.823333333333334,3.32,95.43333333333334,66.13333333333334,16.895666666666667
218,29.1,22.9,2.4,95.0,65.0,17.1,29.2,22.842857142857138,2.6714285714285713,94.71428571428571,65.0,17.02285714285714,29.14333333333333,22.806666666666665,3.2933333333333334,95.53333333333333,66.26666666666667,16.975
219,29.5,22.7,2.4,95.0,63.0,16.82,29.2,22.857142857142858,2.742857142857143,94.71428571428571,65.0,17.207142857142856,29.10666666666667,22.803333333333335,3.433333333333333,95.6,66.36666666666666,16.878333333333334
220,29.0,22.9,5.5,95.0,67.0,16.76,29.214285714285715,22.885714285714283,2.814285714285714,95.0,65.28571428571429,17.43,29.110000000000003,22.796666666666667,3.4466666666666663,95.6,66.4,16.788333333333334
221,28.9,22.9,1.9,95.0,65.0,17.34,29.24285714285714,22.928571428571427,3.1,95.28571428571429,65.28571428571429,17.564285714285717,29.113333333333333,22.780000000000005,3.5166666666666666,95.6,66.46666666666667,16.764
222,29.5,23.0,3.1,95.0,64.0,17.85,29.214285714285715,22.9,3.4,95.42857142857143,65.57142857142857,17.427142857142858,29.103333333333335,22.77333333333333,3.56,95.63333333333334,66.53333333333333,16.826999999999998
223,29.5,23.0,2.4,96.0,66.0,19.12,29.114285714285717,22.87142857142857,4.0285714285714285,95.71428571428571,66.57142857142857,17.10857142857143,29.10333333333333,22.763333333333332,3.6166666666666667,95.7,66.63333333333334,16.891666666666666
224,29.2,23.1,4.0,96.0,67.0,17.96,29.08571428571429,22.814285714285713,3.814285714285714,95.85714285714286,66.85714285714286,17.131428571428575,29.09,22.753333333333334,3.7933333333333334,95.76666666666667,66.83333333333333,16.87333333333333
225,28.9,22.7,4.5,96.0,67.0,16.14,29.099999999999998,22.742857142857144,4.442857142857143,96.0,67.28571428571429,17.024285714285714,29.08,22.740000000000002,3.8466666666666667,95.83333333333333,66.96666666666667,16.868
226,28.8,22.5,6.8,97.0,70.0,14.59,29.014285714285712,22.699999999999996,4.5285714285714285,96.28571428571429,67.71428571428571,16.767142857142858,29.08,22.720000000000002,3.89,95.9,67.03333333333333,16.85066666666667
227,28.8,22.5,4.0,96.0,69.0,16.92,28.914285714285715,22.657142857142855,4.6000000000000005,96.28571428571429,68.0,16.35857142857143,29.07,22.7,3.9566666666666666,95.96666666666667,67.1,16.848
228,29.0,22.4,6.3,96.0,68.0,16.59,28.885714285714283,22.61428571428571,4.485714285714286,96.28571428571429,68.28571428571429,16.02857142857143,29.05666666666667,22.69666666666667,4.05,96.0,67.26666666666667,16.824666666666666
229,28.9,22.7,3.7,97.0,67.0,16.05,28.928571428571427,22.571428571428573,4.257142857142857,96.42857142857143,68.42857142857143,16.225714285714286,29.03666666666667,22.686666666666664,4.096666666666667,96.06666666666666,67.4,16.80466666666667
230,28.8,22.7,2.9,96.0,68.0,16.26,28.814285714285713,22.585714285714285,4.285714285714286,96.42857142857143,68.42857142857143,16.154285714285717,29.016666666666666,22.686666666666667,4.176666666666667,96.1,67.63333333333334,16.741666666666667
231,29.0,22.8,3.2,96.0,69.0,15.65,28.857142857142858,22.599999999999998,4.414285714285714,96.42857142857143,68.14285714285714,15.937142857142856,28.996666666666666,22.68,4.236666666666667,96.16666666666667,67.8,16.758
232,29.2,22.4,2.9,97.0,68.0,17.52,28.857142857142858,22.614285714285717,4.2,96.42857142857143,68.14285714285714,15.921428571428573,28.973333333333336,22.676666666666666,4.283333333333333,96.26666666666667,67.96666666666667,16.747333333333334
233,28.0,22.6,7.0,97.0,70.0,14.09,28.871428571428574,22.614285714285717,4.157142857142857,96.28571428571429,68.28571428571429,16.247142857142858,28.98,22.660000000000004,4.376666666666667,96.4,68.03333333333333,16.767666666666667
234,29.1,22.6,4.9,96.0,67.0,15.4,28.928571428571427,22.599999999999998,4.285714285714286,96.28571428571429,68.14285714285714,16.472857142857144,28.983333333333334,22.646666666666665,4.393333333333333,96.46666666666667,68.16666666666667,16.777333333333335
235,29.0,22.5,4.8,96.0,68.0,16.48,28.914285714285715,22.58571428571429,4.857142857142857,96.42857142857143,68.42857142857143,16.532857142857143,28.966666666666665,22.643333333333334,4.486666666666667,96.53333333333333,68.4,16.748
236,29.0,22.7,3.4,96.0,68.0,18.33,28.914285714285715,22.585714285714285,5.214285714285714,96.57142857142857,68.71428571428571,16.611428571428572,28.973333333333336,22.636666666666667,4.430000000000001,96.6,68.43333333333334,16.775
237,29.2,22.6,3.8,96.0,67.0,17.84,29.071428571428573,22.557142857142857,4.857142857142857,96.71428571428571,68.42857142857143,16.985714285714284,28.990000000000002,22.619999999999997,4.536666666666666,96.7,68.53333333333333,16.815
238,28.9,22.7,7.2,97.0,71.0,16.07,29.04285714285714,22.528571428571432,4.942857142857143,96.85714285714286,68.85714285714286,17.11714285714286,28.970000000000002,22.6,4.69,96.8,68.73333333333333,16.749666666666666
239,29.2,22.4,5.4,98.0,70.0,18.07,29.014285714285716,22.571428571428566,5.142857142857143,97.0,69.28571428571429,17.12,28.970000000000002,22.58,4.7266666666666675,96.86666666666666,68.8,16.737666666666666
240,29.1,22.4,4.5,98.0,68.0,16.71,28.942857142857147,22.557142857142857,5.357142857142857,97.14285714285714,69.57142857142857,16.84,28.976666666666667,22.566666666666666,4.7266666666666675,96.9,68.83333333333333,16.713
241,28.9,22.4,5.5,97.0,70.0,16.32,28.885714285714283,22.557142857142857,5.557142857142857,97.28571428571429,70.14285714285714,16.614285714285714,28.996666666666666,22.56,4.803333333333333,96.96666666666667,68.93333333333334,16.77166666666667
242,28.8,22.8,6.2,97.0,71.0,16.5,28.885714285714283,22.557142857142853,5.1571428571428575,97.28571428571429,69.85714285714286,16.754285714285714,29.02,22.56,4.703333333333333,97.0,68.86666666666666,16.910333333333334
243,28.5,22.6,4.9,97.0,70.0,16.37,28.814285714285713,22.6,4.857142857142857,97.14285714285714,69.71428571428571,16.635714285714286,29.033333333333335,22.57,4.723333333333333,97.03333333333333,68.83333333333333,16.952333333333332
244,28.8,22.6,5.2,97.0,71.0,16.26,28.82857142857143,22.585714285714285,4.8999999999999995,97.14285714285714,69.85714285714286,16.767142857142858,29.053333333333335,22.576666666666668,4.626666666666667,97.1,68.86666666666666,17.045666666666666
245,28.9,22.7,4.4,97.0,69.0,17.05,28.87142857142857,22.599999999999998,4.5285714285714285,97.14285714285714,69.71428571428571,16.919999999999998,29.05666666666667,22.57333333333333,4.706666666666666,97.13333333333334,68.93333333333334,17.057
246,28.7,22.7,3.3,97.0,69.0,17.24,28.9,22.571428571428573,4.385714285714286,97.14285714285714,69.57142857142857,16.84,29.066666666666666,22.57,4.7,97.2,68.96666666666667,17.118666666666666
247,29.2,22.3,4.8,98.0,69.0,17.63,29.0,22.585714285714285,4.228571428571429,97.14285714285714,69.28571428571429,17.01142857142857,29.080000000000002,22.563333333333333,4.6866666666666665,97.26666666666667,68.96666666666667,17.182666666666666
248,29.2,22.5,2.9,97.0,69.0,17.39,29.085714285714285,22.557142857142857,4.214285714285714,97.28571428571429,68.85714285714286,17.337142857142858,29.09333333333333,22.576666666666664,4.72,97.3,68.96666666666667,17.22533333333333
249,29.0,22.6,5.2,97.0,70.0,15.94,29.085714285714285,22.514285714285712,4.685714285714285,97.42857142857143,69.0,17.17142857142857,29.163333333333334,22.58,4.586666666666667,97.33333333333333,68.9,17.381000000000004
250,29.2,22.7,3.8,97.0,68.0,17.57,29.2,22.471428571428568,4.714285714285714,97.57142857142857,68.85714285714286,17.388571428571428,29.18,22.583333333333332,4.503333333333333,97.4,68.93333333333334,17.493666666666666
251,29.4,22.4,5.1,98.0,68.0,18.54,29.228571428571428,22.52857142857143,4.6000000000000005,97.42857142857143,68.71428571428571,17.330000000000002,29.19333333333333,22.586666666666662,4.493333333333334,97.46666666666667,69.0,17.565333333333335
252,28.9,22.4,7.7,98.0,70.0,15.89,29.271428571428572,22.52857142857143,5.1571428571428575,97.57142857142857,68.85714285714286,17.40285714285714,29.21333333333333,22.586666666666666,4.493333333333334,97.53333333333333,69.0,17.570666666666668
253,29.5,22.4,3.5,98.0,68.0,18.76,29.342857142857145,22.51428571428571,4.957142857142856,97.71428571428571,68.57142857142857,17.804285714285715,29.213333333333335,22.583333333333332,4.463333333333333,97.6,69.06666666666666,17.529
254,29.4,22.7,4.0,97.0,68.0,17.22,29.342857142857138,22.52857142857143,5.071428571428571,97.71428571428571,68.57142857142857,17.891428571428573,29.236666666666665,22.589999999999996,4.276666666666667,97.63333333333334,68.93333333333334,17.60033333333333
255,29.5,22.5,6.8,98.0,70.0,17.9,29.37142857142857,22.557142857142853,4.828571428571428,97.71428571428571,68.71428571428571,18.012857142857143,29.266666666666666,22.6,4.126666666666667,97.63333333333334,68.83333333333333,17.658333333333335
256,29.5,22.5,3.8,98.0,68.0,18.75,29.385714285714283,22.58571428571429,4.6000000000000005,97.71428571428571,68.57142857142857,18.084285714285716,29.293333333333333,22.626666666666665,4.046666666666666,97.63333333333334,68.86666666666666,17.729666666666667
257,29.2,22.8,4.6,97.0,68.0,18.18,29.32857142857143,22.614285714285717,4.485714285714286,97.71428571428571,68.71428571428571,17.99142857142857,29.323333333333334,22.643333333333334,3.95,97.66666666666667,68.8,17.76966666666667
258,29.6,22.6,3.4,98.0,69.0,19.39,29.328571428571426,22.6,4.314285714285714,97.85714285714286,68.85714285714286,18.041428571428572,29.363333333333333,22.64333333333333,3.7766666666666664,97.7,68.63333333333334,17.836000000000002
259,29.0,22.6,6.1,98.0,69.0,16.39,29.342857142857145,22.642857142857142,3.8999999999999995,97.85714285714286,68.57142857142857,18.169999999999998,29.406666666666663,22.643333333333334,3.6966666666666668,97.7,68.6,17.924333333333333
260,29.1,22.6,2.7,98.0,69.0,18.11,29.428571428571427,22.67142857142857,3.7857142857142856,97.85714285714286,68.57142857142857,18.17142857142857,29.44,22.65666666666667,3.6,97.7,68.46666666666667,18.012333333333334
261,29.4,22.6,2.8,98.0,69.0,17.57,29.485714285714288,22.657142857142862,3.4714285714285715,98.0,68.57142857142857,18.257142857142856,29.47666666666667,22.66,3.556666666666666,97.7,68.4,18.066
262,29.6,22.8,3.9,98.0,68.0,18.8,29.45714285714286,22.657142857142862,3.628571428571429,98.0,68.71428571428571,18.148571428571426,29.52,22.663333333333338,3.52,97.73333333333333,68.33333333333333,18.118999999999996
263,30.1,22.7,3.0,98.0,68.0,18.76,29.542857142857144,22.67142857142857,3.242857142857143,98.0,68.57142857142857,18.448571428571427,29.55666666666667,22.686666666666667,3.4266666666666667,97.73333333333333,68.23333333333333,18.189
264,29.6,22.7,2.4,98.0,68.0,18.78,29.557142857142853,22.657142857142855,3.2714285714285714,98.0,68.57142857142857,18.231428571428573,29.583333333333332,22.706666666666663,3.3566666666666665,97.73333333333333,68.2,18.209666666666667
265,29.4,22.6,4.5,98.0,70.0,18.63,29.58571428571429,22.7,3.1,98.0,68.28571428571429,18.322857142857142,29.623333333333335,22.71333333333333,3.22,97.73333333333333,68.06666666666666,18.316666666666666
266,29.6,22.7,3.4,98.0,68.0,18.49,29.657142857142855,22.685714285714283,2.6714285714285717,98.0,68.14285714285714,18.467142857142854,29.656666666666663,22.72666666666667,3.2299999999999995,97.73333333333333,68.06666666666666,18.348
267,29.2,22.5,2.9,98.0,69.0,16.59,29.62857142857143,22.75714285714286,2.542857142857143,98.0,68.28571428571429,18.48,29.666666666666668,22.743333333333336,3.0799999999999996,97.7,68.03333333333333,18.31866666666667
268,29.6,22.9,1.6,98.0,67.0,18.21,29.657142857142855,22.785714285714285,2.5714285714285716,98.0,68.28571428571429,18.3,29.709999999999997,22.763333333333332,2.8366666666666664,97.7,67.9,18.43566666666667
269,30.1,22.7,0.9,98.0,67.0,19.81,29.74285714285714,22.814285714285713,2.0714285714285716,98.0,67.71428571428571,18.28,29.740000000000002,22.79,2.7333333333333334,97.66666666666667,67.83333333333333,18.46066666666667
270,29.9,23.2,2.1,98.0,69.0,18.85,29.771428571428572,22.8,1.942857142857143,97.85714285714286,67.85714285714286,18.35571428571429,29.763333333333332,22.8,2.63,97.66666666666667,67.73333333333333,18.49366666666667
271,29.8,22.9,2.6,98.0,68.0,17.52,29.857142857142858,22.87142857142857,1.8571428571428572,97.71428571428571,67.57142857142857,18.685714285714283,29.803333333333335,22.830000000000002,2.42,97.63333333333334,67.56666666666666,18.562666666666665
272,30.0,22.8,1.0,98.0,66.0,18.49,29.914285714285715,22.857142857142858,2.0714285714285716,97.57142857142857,67.57142857142857,18.75,29.846666666666668,22.863333333333337,2.3133333333333335,97.6,67.46666666666667,18.597333333333335
273,29.8,22.6,2.5,97.0,69.0,19.02,29.900000000000002,22.871428571428574,2.257142857142857,97.57142857142857,67.57142857142857,18.609999999999996,29.9,22.883333333333333,2.1733333333333333,97.56666666666666,67.33333333333333,18.647
274,29.8,23.0,2.3,97.0,67.0,18.9,29.957142857142856,22.842857142857138,2.242857142857143,97.57142857142857,67.14285714285714,18.735714285714288,29.95,22.91,2.07,97.53333333333333,67.16666666666667,18.682000000000002
275,30.0,22.8,3.1,97.0,67.0,18.66,29.985714285714288,22.871428571428574,1.9857142857142858,97.42857142857143,67.14285714285714,18.805714285714284,30.016666666666666,22.92666666666667,1.88,97.5,66.96666666666667,18.849
276,30.0,22.8,2.2,98.0,67.0,18.83,30.014285714285716,22.87142857142857,2.0,97.28571428571429,67.14285714285714,18.9,30.086666666666666,22.956666666666667,1.8,97.43333333333334,66.83333333333333,18.941333333333333
277,30.3,23.0,2.0,98.0,66.0,19.73,30.071428571428573,22.942857142857147,2.228571428571428,97.28571428571429,67.0,18.827142857142857,30.156666666666663,22.983333333333334,1.72,97.4,66.63333333333334,19.049666666666663
278,30.0,23.1,0.8,97.0,68.0,18.01,30.057142857142853,22.928571428571427,1.9857142857142858,97.28571428571429,67.0,18.65,30.2,23.003333333333334,1.5933333333333335,97.33333333333333,66.43333333333334,19.118666666666666
279,30.2,22.8,1.1,97.0,66.0,19.15,30.085714285714285,22.957142857142856,1.5999999999999999,97.42857142857143,66.85714285714286,18.755714285714284,30.246666666666666,23.026666666666664,1.4933333333333334,97.26666666666667,66.13333333333334,19.198666666666668
280,30.2,23.1,4.1,97.0,68.0,18.51,30.142857142857142,23.014285714285712,1.3428571428571427,97.28571428571429,66.71428571428571,18.852857142857143,30.313333333333333,23.043333333333333,1.4166666666666667,97.2,65.86666666666666,19.299666666666667
281,29.7,22.9,0.6,97.0,67.0,17.66,30.114285714285717,23.014285714285716,1.1857142857142855,97.14285714285714,66.57142857142857,18.63571428571429,30.396666666666665,23.07,1.2666666666666666,97.06666666666666,65.46666666666667,19.407666666666668
282,30.2,23.0,0.4,98.0,66.0,19.4,30.214285714285715,23.057142857142853,1.1428571428571428,97.14285714285714,66.14285714285714,18.915714285714284,30.453333333333333,23.103333333333335,1.16,97.0,65.16666666666667,19.509666666666668
283,30.4,23.2,0.4,97.0,66.0,19.51,30.3,23.157142857142862,1.0714285714285714,97.14285714285714,66.0,19.00714285714286,30.536666666666665,23.14,1.0633333333333332,96.86666666666666,64.8,19.660666666666664
284,30.1,23.0,0.9,97.0,65.0,18.21,30.385714285714283,23.199999999999996,0.5428571428571428,97.0,65.42857142857143,19.172857142857143,30.613333333333337,23.15,1.01,96.76666666666667,64.4,19.775666666666666
285,30.7,23.4,0.5,97.0,65.0,19.97,30.58571428571429,23.271428571428572,0.5,97.0,65.0,19.57,30.67666666666667,23.18,0.98,96.63333333333334,64.03333333333333,19.835333333333335
286,30.8,23.5,0.6,97.0,65.0,19.79,30.7,23.285714285714285,0.5,96.85714285714286,64.57142857142857,19.85571428571429,30.763333333333335,23.2,0.9133333333333333,96.5,63.53333333333333,19.909666666666666
287,30.8,23.4,0.4,96.0,64.0,19.67,30.814285714285713,23.328571428571426,0.48571428571428577,96.71428571428571,64.42857142857143,20.051428571428573,30.853333333333335,23.223333333333333,0.8266666666666665,96.36666666666666,63.06666666666667,20.047666666666668
288,31.1,23.4,0.3,97.0,64.0,20.44,31.014285714285712,23.385714285714283,0.41428571428571426,96.71428571428571,64.14285714285714,20.424285714285713,30.936666666666667,23.236666666666668,0.7933333333333332,96.2,62.56666666666667,20.154999999999998
289,31.0,23.1,0.4,97.0,63.0,21.4,31.042857142857144,23.38571428571429,0.3571428571428572,96.57142857142857,63.714285714285715,20.552857142857142,31.02,23.27,0.7099999999999999,96.1,62.0,20.232000000000003
290,31.2,23.5,0.3,96.0,65.0,20.88,31.142857142857142,23.371428571428567,0.27142857142857146,96.42857142857143,62.857142857142854,20.74857142857143,31.11,23.28666666666667,0.6333333333333333,96.0,61.53333333333333,20.297333333333334
291,31.5,23.4,0.4,97.0,63.0,20.82,31.25714285714286,23.342857142857145,0.2285714285714286,96.42857142857143,62.285714285714285,21.054285714285715,31.209999999999997,23.313333333333333,0.53,95.83333333333333,60.86666666666667,20.394333333333332
292,30.9,23.4,0.1,96.0,62.0,20.87,31.37142857142857,23.342857142857145,0.18571428571428572,96.0,61.42857142857143,21.25857142857143,31.31,23.333333333333332,0.45666666666666667,95.56666666666666,60.233333333333334,20.477666666666668
293,31.5,23.4,0.0,96.0,59.0,21.16,31.41428571428571,23.428571428571427,0.15714285714285717,95.85714285714286,60.857142857142854,21.28,31.40666666666667,23.35,0.38999999999999996,95.33333333333333,59.6,20.524
294,31.6,23.2,0.1,96.0,60.0,21.81,31.485714285714288,23.442857142857143,0.1142857142857143,95.57142857142857,59.857142857142854,21.314285714285713,31.506666666666668,23.363333333333337,0.36333333333333334,95.13333333333334,58.86666666666667,20.639666666666667
295,31.9,23.4,0.0,94.0,58.0,21.87,31.542857142857144,23.414285714285715,0.05714285714285715,95.28571428571429,58.714285714285715,21.434285714285718,31.606666666666666,23.389999999999997,0.3266666666666666,94.83333333333333,58.166666666666664,20.711000000000002
296,31.3,23.7,0.2,96.0,59.0,21.55,31.699999999999996,23.442857142857143,0.042857142857142864,95.0,57.857142857142854,21.53857142857143,31.71,23.40333333333333,0.19,94.56666666666666,57.333333333333336,20.79866666666667
297,31.7,23.6,0.0,94.0,58.0,21.12,31.842857142857138,23.5,0.05714285714285715,94.71428571428571,57.142857142857146,21.527142857142856,31.836666666666666,23.423333333333332,0.17,94.26666666666667,56.46666666666667,20.923666666666666
298,31.9,23.2,0.0,95.0,55.0,21.66,31.97142857142857,23.557142857142857,0.042857142857142864,94.42857142857143,56.285714285714285,21.505714285714287,31.943333333333335,23.44333333333333,0.15666666666666668,93.9,55.63333333333333,20.990000000000002
299,32.0,23.6,0.0,94.0,56.0,21.6,32.05714285714286,23.52857142857143,0.042857142857142864,94.28571428571429,55.285714285714285,21.482857142857142,32.059999999999995,23.44666666666667,0.14333333333333334,93.63333333333334,54.666666666666664,21.043
300,32.5,23.8,0.1,94.0,54.0,21.08,32.2,23.514285714285712,0.014285714285714287,94.0,54.285714285714285,21.451428571428572,32.18333333333333,23.47666666666667,0.11333333333333334,93.2,53.666666666666664,21.133333333333333
301,32.5,23.6,0.0,94.0,54.0,21.66,32.31428571428571,23.5,0.014285714285714287,94.0,53.57142857142857,21.414285714285715,32.29333333333333,23.486666666666665,0.09666666666666668,92.83333333333333,52.733333333333334,21.163000000000004
302,32.5,23.2,0.0,93.0,51.0,21.71,32.471428571428575,23.557142857142857,0.014285714285714287,93.57142857142857,52.42857142857143,21.40142857142857,32.39333333333334,23.483333333333334,0.07666666666666667,92.43333333333334,51.733333333333334,21.214999999999996
303,32.3,23.6,0.0,94.0,52.0,21.33,32.614285714285714,23.52857142857143,0.014285714285714287,93.0,51.285714285714285,21.36285714285714,32.513333333333335,23.48,0.06333333333333334,92.06666666666666,50.733333333333334,21.266333333333332
304,32.5,23.5,0.0,94.0,53.0,20.86,32.714285714285715,23.485714285714284,0.0,92.57142857142857,50.285714285714285,21.368571428571432,32.62,23.476666666666667,0.05333333333333334,91.6,49.63333333333333,21.275666666666666
305,33.0,23.6,0.0,92.0,47.0,21.57,32.785714285714285,23.471428571428568,0.0,92.14285714285714,49.142857142857146,21.342857142857145,32.739999999999995,23.49,0.04000000000000001,91.13333333333334,48.63333333333333,21.270333333333333
306,33.0,23.4,0.0,90.0,48.0,21.33,32.885714285714286,23.528571428571432,0.0,91.42857142857143,48.285714285714285,21.282857142857143,32.846666666666664,23.483333333333334,0.030000000000000002,90.73333333333333,47.56666666666667,21.283333333333335
307,33.2,23.5,0.0,91.0,47.0,21.12,33.028571428571425,23.514285714285716,0.0,90.71428571428571,47.0,21.255714285714287,32.946666666666665,23.473333333333336,0.016666666666666666,90.2,46.46666666666667,21.302666666666667
308,33.0,23.5,0.0,91.0,46.0,21.48,33.17142857142857,23.514285714285716,0.0,89.85714285714286,45.285714285714285,21.334285714285716,33.06333333333334,23.456666666666667,0.013333333333333334,89.7,45.36666666666667,21.322000000000003
309,33.2,23.6,0.0,88.0,45.0,21.29,33.22857142857143,23.514285714285712,0.0,89.14285714285714,44.42857142857143,21.30857142857143,33.17333333333333,23.456666666666667,0.013333333333333334,89.1,44.36666666666667,21.31533333333333
310,33.3,23.5,0.0,89.0,43.0,21.14,33.357142857142854,23.5,0.0,89.0,42.857142857142854,21.275714285714287,33.27333333333333,23.459999999999997,0.010000000000000002,88.43333333333334,43.4,21.285000000000004
311,33.5,23.5,0.0,88.0,41.0,21.41,33.44285714285714,23.557142857142857,0.0,88.0,41.142857142857146,21.247142857142855,33.373333333333335,23.443333333333335,0.010000000000000002,87.93333333333334,42.5,21.247666666666667
312,33.4,23.6,0.0,87.0,41.0,21.39,33.58571428571429,23.58571428571429,0.0,87.28571428571429,39.857142857142854,21.15857142857143,33.489999999999995,23.45,0.0033333333333333335,87.3,41.53333333333333,21.214333333333332
313,33.9,23.3,0.0,89.0,37.0,21.1,33.67142857142857,23.557142857142853,0.0,86.85714285714286,38.42857142857143,21.16714285714286,33.59,23.43,0.0033333333333333335,86.76666666666667,40.6,21.21333333333333
314,33.8,23.9,0.0,84.0,35.0,20.92,33.82857142857143,23.52857142857143,0.0,86.28571428571429,37.142857142857146,21.177142857142858,33.693333333333335,23.396666666666665,0.0033333333333333335,86.23333333333333,39.7,21.197
315,34.0,23.7,0.0,86.0,37.0,20.86,33.94285714285714,23.5,0.0,85.57142857142857,35.714285714285715,21.07857142857143,33.79333333333333,23.36,0.0033333333333333335,85.76666666666667,38.766666666666666,21.161999999999995
316,33.8,23.4,0.0,85.0,35.0,21.35,34.114285714285714,23.485714285714288,0.0,85.0,34.57142857142857,21.057142857142857,33.86666666666667,23.326666666666668,0.0,85.2,37.93333333333333,21.13266666666667
317,34.4,23.3,0.0,85.0,34.0,21.21,34.18571428571428,23.485714285714288,0.0,84.28571428571429,34.0,21.08142857142857,33.946666666666665,23.313333333333333,0.0,84.66666666666667,37.1,21.086
318,34.3,23.3,0.0,83.0,31.0,20.72,34.285714285714285,23.371428571428574,0.0,83.85714285714286,33.285714285714285,21.15,34.02333333333333,23.336666666666666,0.0,84.26666666666667,36.43333333333333,21.041999999999998
319,34.6,23.5,0.0,83.0,33.0,21.24,34.34285714285714,23.257142857142856,0.0,83.14285714285714,32.142857142857146,21.23428571428571,34.11333333333333,23.296666666666667,0.0,83.73333333333333,35.63333333333333,21.00433333333333
320,34.4,23.3,0.0,84.0,33.0,21.27,34.48571428571428,23.25714285714286,0.0,82.14285714285714,31.285714285714285,21.178571428571427,34.190000000000005,23.24,0.0,83.1,34.7,20.99833333333333
321,34.5,23.1,0.0,81.0,30.0,21.4,34.51428571428571,23.25714285714286,0.0,80.85714285714286,30.857142857142858,21.134285714285713,34.25666666666667,23.163333333333338,0.0,82.4,34.0,20.948
322,34.4,22.9,0.0,81.0,29.0,21.45,34.6,23.199999999999996,0.0,80.28571428571429,30.857142857142858,21.138571428571428,34.32333333333334,23.106666666666666,0.0,81.8,33.333333333333336,20.904666666666667
323,34.8,23.4,0.0,78.0,29.0,20.96,34.628571428571426,23.257142857142856,0.0,79.42857142857143,30.428571428571427,21.04,34.373333333333335,23.066666666666666,0.0,81.26666666666667,32.7,20.866666666666667
324,34.6,23.3,0.0,76.0,31.0,20.9,34.67142857142857,23.214285714285715,0.0,78.57142857142857,30.0,21.014285714285712,34.440000000000005,23.019999999999996,0.0,80.73333333333333,31.966666666666665,20.851
325,34.9,22.9,0.0,79.0,31.0,20.75,34.74285714285714,23.085714285714282,0.0,78.28571428571429,29.714285714285715,20.981428571428573,34.49666666666667,22.95,0.0,79.86666666666666,31.266666666666666,20.815333333333335
326,34.8,23.9,0.0,77.0,30.0,20.55,34.82857142857143,23.02857142857143,0.0,78.14285714285714,29.571428571428573,20.852857142857143,34.54666666666666,22.880000000000003,0.0,79.13333333333334,30.5,20.776333333333334
327,34.7,23.0,0.0,78.0,30.0,21.09,34.81428571428571,22.942857142857143,0.0,78.0,29.571428571428573,20.744285714285716,34.589999999999996,22.793333333333337,0.0,78.4,29.866666666666667,20.74566666666667
328,35.0,22.2,0.0,79.0,28.0,21.17,34.857142857142854,22.928571428571427,0.0,78.28571428571429,29.285714285714285,20.65285714285714,34.629999999999995,22.72666666666667,0.0,77.5,29.166666666666668,20.725
329,35.0,22.5,0.0,80.0,28.0,20.55,34.84285714285714,23.071428571428573,0.0,78.57142857142857,29.285714285714285,20.601428571428574,34.64666666666667,22.65,0.0,76.46666666666667,28.633333333333333,20.714000000000002
330,34.7,22.8,0.0,77.0,29.0,20.2,34.871428571428574,22.857142857142858,0.0,78.71428571428571,29.0,20.551428571428573,34.669999999999995,22.56,0.0,75.43333333333334,28.1,20.687333333333335
331,34.9,23.2,0.0,78.0,29.0,20.26,34.885714285714286,22.685714285714287,0.0,78.28571428571429,28.285714285714285,20.49285714285714,34.69666666666667,22.483333333333334,0.0,74.16666666666667,27.466666666666665,20.677666666666664
332,34.8,23.9,0.0,81.0,31.0,20.39,34.885714285714286,22.557142857142857,0.0,77.14285714285714,28.0,20.334285714285716,34.72666666666667,22.43,0.0,73.06666666666666,26.966666666666665,20.646
333,35.0,22.4,0.0,78.0,28.0,20.2,34.885714285714286,22.442857142857143,0.0,76.0,28.0,20.259999999999998,34.74333333333333,22.386666666666667,0.0,72.43333333333334,26.6,20.604333333333333
334,34.8,21.8,0.0,75.0,25.0,20.68,34.885714285714286,22.37142857142857,0.0,75.71428571428571,27.857142857142858,20.22857142857143,34.75666666666667,22.333333333333332,0.0,71.93333333333334,26.333333333333332,20.566666666666666
335,35.0,21.3,0.0,71.0,26.0,20.06,34.9,22.214285714285715,0.0,75.28571428571429,27.142857142857142,20.335714285714285,34.763333333333335,22.26,0.0,70.9,25.866666666666667,20.541999999999998
336,35.0,21.7,0.0,72.0,28.0,20.03,34.91428571428572,21.871428571428574,0.0,72.57142857142857,26.142857142857142,20.31142857142857,34.78333333333333,22.166666666666668,0.0,69.73333333333333,25.333333333333332,20.522333333333332
337,34.7,22.3,0.0,75.0,28.0,19.98,34.885714285714286,21.728571428571428,0.0,71.0,25.0,20.27857142857143,34.806666666666665,22.086666666666662,0.0,68.7,24.933333333333334,20.505666666666666
338,35.0,22.1,0.0,75.0,24.0,21.01,34.885714285714286,21.599999999999998,0.0,69.71428571428571,24.571428571428573,20.25142857142857,34.82666666666667,21.996666666666666,0.0,67.5,24.566666666666666,20.488999999999997
339,34.9,21.5,0.0,62.0,24.0,20.22,34.82857142857143,21.642857142857142,0.0,68.14285714285714,23.714285714285715,20.352857142857143,34.836666666666666,21.896666666666665,0.0,66.63333333333334,24.166666666666668,20.482000000000003
340,34.8,21.4,0.0,67.0,20.0,19.97,34.74285714285714,21.54285714285714,0.0,66.14285714285714,22.714285714285715,20.458571428571428,34.84,21.80666666666667,0.0,65.4,23.666666666666668,20.47833333333333
341,34.8,20.9,0.0,66.0,22.0,20.49,34.714285714285715,21.38571428571429,0.0,63.0,21.428571428571427,20.478571428571428,34.833333333333336,21.736666666666665,0.0,64.16666666666667,23.166666666666668,20.479333333333333
342,34.6,21.6,0.0,60.0,20.0,20.77,34.68571428571429,21.285714285714285,0.0,59.142857142857146,20.571428571428573,20.415714285714284,34.84,21.62333333333333,0.0,62.93333333333333,22.7,20.487666666666666
343,34.4,21.0,0.0,58.0,21.0,20.77,34.65714285714286,21.32857142857143,0.0,57.714285714285715,20.0,20.44142857142857,34.85,21.543333333333333,0.0,61.766666666666666,22.2,20.483666666666668
344,34.5,21.2,0.0,53.0,19.0,20.12,34.67142857142857,21.41428571428571,0.0,57.57142857142857,20.428571428571427,20.439999999999998,34.843333333333334,21.480000000000004,0.0,60.43333333333333,21.733333333333334,20.476
345,34.8,21.4,0.0,48.0,18.0,20.57,34.65714285714286,21.528571428571432,0.0,57.857142857142854,20.571428571428573,20.31142857142857,34.836666666666666,21.40666666666667,0.0,59.0,21.266666666666666,20.497666666666667
346,34.7,21.8,0.0,52.0,20.0,20.4,34.68571428571429,21.485714285714284,0.0,56.714285714285715,20.428571428571427,20.27285714285714,34.83,21.316666666666666,0.0,57.666666666666664,20.833333333333332,20.529333333333334
347,34.9,22.0,0.0,66.0,23.0,19.96,34.77142857142857,21.41428571428571,0.0,55.42857142857143,19.857142857142858,20.259999999999998,34.833333333333336,21.220000000000002,0.0,56.266666666666666,20.333333333333332,20.560333333333336
348,34.7,21.7,0.0,68.0,23.0,19.59,34.871428571428574,21.342857142857145,0.0,55.0,19.714285714285715,20.37142857142857,34.830000000000005,21.11,0.0,54.7,19.8,20.586333333333336
349,34.8,21.3,0.0,52.0,19.0,20.5,34.9,21.17142857142857,0.0,54.57142857142857,19.714285714285715,20.425714285714285,34.82666666666667,21.053333333333335,0.0,53.4,19.333333333333332,20.61
350,35.0,20.5,0.0,49.0,17.0,20.68,34.957142857142856,20.97142857142857,0.0,54.57142857142857,19.285714285714285,20.475714285714286,34.833333333333336,21.003333333333334,0.0,52.0,19.0,20.627333333333336
351,35.2,20.7,0.0,50.0,18.0,20.9,34.92857142857143,20.771428571428572,0.0,50.714285714285715,18.285714285714285,20.594285714285714,34.830000000000005,20.976666666666667,0.0,50.733333333333334,18.6,20.662333333333333
352,35.0,20.2,0.0,45.0,18.0,20.95,34.92857142857143,20.642857142857142,0.0,47.0,17.285714285714285,20.764285714285712,34.843333333333334,20.96,0.0,49.61666666666667,18.133333333333333,20.706500000000002
353,35.1,20.4,0.0,52.0,17.0,20.75,34.957142857142856,20.52857142857143,0.0,45.285714285714285,16.857142857142858,20.807142857142853,34.84827586206896,20.913793103448278,0.0,48.741379310344826,17.79310344827586,20.731551724137933
354,34.7,20.6,0.0,39.0,16.0,20.79,34.957142857142856,20.542857142857144,0.0,44.42857142857143,16.571428571428573,20.84857142857143,34.84285714285714,20.871428571428574,0.0,47.80357142857143,17.571428571428573,20.721607142857145
355,34.7,20.8,0.0,42.0,16.0,20.78,34.9,20.485714285714288,0.0,42.857142857142854,16.0,20.854285714285712,34.840740740740735,20.84814814814815,0.0,47.27777777777778,17.333333333333332,20.740185185185187
356,35.0,20.5,0.0,40.0,16.0,20.8,34.871428571428574,20.5,0.0,41.714285714285715,15.428571428571429,20.890000000000004,34.842307692307685,20.826923076923077,0.0,46.51923076923077,17.23076923076923,20.769807692307698
357,35.0,20.6,0.0,43.0,15.0,20.97,34.785714285714285,20.45714285714286,0.0,39.57142857142857,15.285714285714286,20.947142857142858,34.843999999999994,20.824,0.0,45.74,17.04,20.781000000000002
358,34.8,20.3,0.0,39.0,14.0,20.94,34.82857142857143,20.414285714285715,0.0,39.142857142857146,15.0,21.004285714285714,34.854166666666664,20.791666666666668,0.0,45.145833333333336,16.916666666666668,20.781458333333337
359,34.8,20.3,0.0,37.0,14.0,21.2,34.82857142857143,20.385714285714283,0.0,38.0,14.857142857142858,21.06,34.873913043478254,20.782608695652176,0.0,44.58695652173913,16.73913043478261,20.781956521739133
360,34.5,20.1,0.0,37.0,16.0,21.15,34.81428571428572,20.414285714285715,0.0,37.857142857142854,14.571428571428571,21.075714285714287,34.89090909090908,20.763636363636365,0.0,44.20454545454545,16.636363636363637,20.81204545454546
361,35.0,20.3,0.0,36.0,14.0,21.19,34.81428571428571,20.371428571428574,0.0,36.42857142857143,14.571428571428571,21.108571428571427,34.89523809523809,20.733333333333334,0.0,44.023809523809526,16.571428571428573,20.823571428571434
362,34.7,20.6,0.0,34.0,15.0,21.17,34.82857142857143,20.400000000000002,0.0,35.57142857142857,14.571428571428571,21.132857142857144,34.904999999999994,20.68,0.0,43.625,16.4,20.84475
363,34.9,20.7,0.0,39.0,14.0,20.91,34.91428571428571,20.52857142857143,0.0,35.785714285714285,14.571428571428571,21.155,34.90526315789473,20.610526315789475,0.0,42.44736842105263,16.05263157894737,20.891315789473687
364,35.0,20.3,0.0,33.0,15.0,21.2,34.98333333333333,20.599999999999998,0.0,35.583333333333336,14.333333333333334,21.155833333333334,34.91666666666666,20.55,0.0,41.02777777777778,15.666666666666666,20.963611111111113
365,34.9,20.5,0.0,33.0,14.0,21.11,34.98,20.659999999999997,0.0,35.5,14.4,21.149,34.923529411764704,20.50588235294118,0.0,40.38235294117647,15.470588235294118,20.990882352941178
366,35.4,21.2,0.0,38.5,14.0,21.355,35.05,20.674999999999997,0.0,35.875,14.25,21.14375,34.918749999999996,20.50625,0.0,39.84375,15.375,21.010312500000005
