date,tmax_C,tmin_C,precip_mm,rh_max_pct,rh_min_pct,solar_MJ_m2,doy,p7_mm,p30_mm,dry_day,dry_streak_days,cdd_30_max,heat_day_35C,heat_7_count,heat_30_count,precip_clim_daily_mean_mm,p7_clim_mm,p30_clim_mm,p30_pct_of_normal,p30_anom_pct,p7_pct_of_normal,p7_anom_pct
2025-01-01,36.8,23.0,0.0,33,14,18.82,1,0.0,0.0,True,1,1.0,True,1,1,0.0032258064516129,0.0064516129032258,1.232258064516129,0.0,-0.9999999991884816,0.0,-0.9999998450000239
2025-01-02,36.8,22.8,0.0,34,15,18.81,2,0.0,0.0,True,2,2.0,True,2,2,0.0,0.0064516129032258,1.2032258064516128,0.0,-0.9999999991689007,0.0,-0.9999998450000239
2025-01-03,36.0,22.8,0.0,31,16,19.02,3,0.0,0.0,True,3,3.0,True,3,3,0.0064516129032258,0.0129032258064516,1.2096774193548385,0.0,-0.9999999991733333,0.0,-0.999999922500006
2025-01-04,36.6,22.5,0.0,33,13,19.17,4,0.0,0.0,True,4,4.0,True,4,4,0.0290322580645161,0.041935483870967696,1.2354838709677416,0.0,-0.9999999991906005,0.0,-0.9999999761538467
2025-01-05,36.9,22.2,0.0,36,12,19.36,5,0.0,0.0,True,5,5.0,True,5,5,0.0,0.041935483870967696,1.2354838709677418,0.0,-0.9999999991906005,0.0,-0.9999999761538467
2025-01-06,36.9,22.8,0.0,32,12,19.39,6,0.0,0.0,True,6,6.0,True,6,6,0.0,0.041935483870967696,1.225806451612903,0.0,-0.9999999991842105,0.0,-0.9999999761538467
2025-01-07,37.1,21.9,0.0,33,11,19.61,7,0.0,0.0,True,7,7.0,True,7,7,0.0,0.0387096774193548,1.225806451612903,0.0,-0.9999999991842105,0.0,-0.9999999741666673
2025-01-08,36.7,22.8,0.0,29,11,19.62,8,0.0,0.0,True,8,8.0,True,7,8,0.0580645161290322,0.0935483870967741,1.283870967741935,0.0,-0.9999999992211055,0.0,-0.999999989310345
2025-01-09,35.9,22.8,0.0,26,11,19.76,9,0.0,0.0,True,9,9.0,True,7,9,0.0,0.0935483870967741,1.2838709677419353,0.0,-0.9999999992211055,0.0,-0.999999989310345
2025-01-10,34.8,21.3,0.0,26,11,19.61,10,0.0,0.0,True,10,10.0,False,6,9,0.0,0.0870967741935483,1.2838709677419353,0.0,-0.9999999992211055,0.0,-0.9999999885185187
2025-01-11,35.4,20.4,0.0,24,11,19.97,11,0.0,0.0,True,11,11.0,True,6,10,0.0,0.0580645161290322,1.2838709677419353,0.0,-0.9999999992211055,0.0,-0.9999999827777781
2025-01-12,35.3,21.2,0.0,26,12,19.64,12,0.0,0.0,True,12,12.0,True,6,11,0.0258064516129032,0.08387096774193539,1.3032258064516127,0.0,-0.9999999992326732,0.0,-0.9999999880769233
2025-01-13,35.6,21.4,0.0,28,11,19.7,13,0.0,0.0,True,13,13.0,True,6,12,0.032258064516129,0.1161290322580644,1.3258064516129031,0.0,-0.999999999245742,0.0,-0.999999991388889
2025-01-14,36.2,21.2,0.0,30,10,19.8,14,0.0,0.0,True,14,14.0,True,6,13,0.0032258064516129,0.1193548387096773,1.329032258064516,0.0,-0.9999999992475728,0.0,-0.9999999916216217
2025-01-15,36.7,21.8,0.0,30,11,19.83,15,0.0,0.0,True,15,15.0,True,6,14,0.0129032258064516,0.0741935483870967,1.3419354838709676,0.0,-0.9999999992548076,0.0,-0.9999999865217393
2025-01-16,37.2,22.2,0.0,28,10,19.9,16,0.0,0.0,True,16,16.0,True,6,15,0.0,0.0741935483870967,1.3064516129032258,0.0,-0.9999999992345678,0.0,-0.9999999865217393
2025-01-17,35.2,22.5,0.0,29,12,19.28,17,0.0,0.0,True,17,17.0,True,7,16,0.0,0.0741935483870967,1.2774193548387096,0.0,-0.9999999992171716,0.0,-0.9999999865217393
2025-01-18,35.4,22.1,0.0,26,11,19.02,18,0.0,0.0,True,18,18.0,True,7,17,0.2419354838709677,0.3161290322580644,1.5161290322580643,0.0,-0.9999999993404255,0.0,-0.9999999968367346
2025-01-19,35.2,22.2,0.0,23,10,17.97,19,0.0,0.0,True,19,19.0,True,7,18,0.0451612903225806,0.3354838709677418,1.5612903225806452,0.0,-0.9999999993595041,0.0,-0.9999999970192307
2025-01-20,36.2,21.5,0.0,23,9,20.26,20,0.0,0.0,True,20,20.0,True,7,19,1.058064516129032,1.3612903225806448,2.6193548387096772,0.0,-0.9999999996182266,0.0,-0.9999999992654027
2025-01-21,37.2,22.0,0.0,23,10,20.25,21,0.0,0.0,True,21,21.0,True,7,20,0.4419354838709677,1.7999999999999996,3.061290322580645,0.0,-0.9999999996733403,0.0,-0.9999999994444444
2025-01-22,38.3,22.2,0.0,32,14,20.13,22,0.0,0.0,True,22,22.0,True,7,21,0.0258064516129032,1.8129032258064512,2.587096774193548,0.0,-0.9999999996134663,0.0,-0.9999999994483986
2025-01-23,37.9,23.2,0.0,51,13,19.11,23,0.0,0.0,True,23,23.0,True,7,22,0.0,1.8129032258064512,1.987096774193548,0.0,-0.9999999994967532,0.0,-0.9999999994483986
2025-01-24,38.0,25.2,0.0,60,9,19.51,24,0.0,0.0,True,24,24.0,True,7,23,0.0,1.8129032258064512,1.987096774193548,0.0,-0.9999999994967532,0.0,-0.9999999994483986
2025-01-25,38.2,23.1,0.0,24,11,20.45,25,0.0,0.0,True,25,25.0,True,7,24,0.0,1.5709677419354837,1.9870967741935481,0.0,-0.9999999994967532,0.0,-0.9999999993634496
2025-01-26,37.5,24.8,0.0,57,14,19.26,26,0.0,0.0,True,26,26.0,True,7,25,0.0,1.525806451612903,1.987096774193548,0.0,-0.9999999994967532,0.0,-0.9999999993446088
2025-01-27,36.8,21.5,0.0,23,6,21.51,27,0.0,0.0,True,27,27.0,True,7,26,0.0064516129032258,0.4741935483870967,1.9935483870967736,0.0,-0.9999999994983818,0.0,-0.9999999978911565
2025-01-28,37.2,21.8,0.0,23,9,21.04,28,0.0,0.0,True,28,28.0,True,7,27,0.0387096774193548,0.0709677419354838,2.032258064516128,0.0,-0.9999999995079365,0.0,-0.9999999859090911
2025-01-29,36.8,22.9,0.0,27,11,20.39,29,0.0,0.0,True,29,29.0,True,7,28,0.0161290322580645,0.061290322580645096,2.048387096774193,0.0,-0.999999999511811,0.0,-0.9999999836842108
2025-01-30,36.8,22.9,0.0,50,12,19.71,30,0.0,0.0,True,30,30.0,True,7,29,0.0516129032258064,0.1129032258064515,2.0967741935483866,0.0,-0.9999999995230768,0.0,-0.9999999911428572
2025-01-31,37.3,22.7,0.0,25,11,20.74,31,0.0,0.0,True,31,31.0,True,7,29,0.0,0.1129032258064515,2.0935483870967735,0.0,-0.999999999522342,0.0,-0.9999999911428572
2025-02-01,37.0,22.4,0.0,36,13,20.5,32,0.0,0.0,True,32,32.0,True,7,29,0.0032258064516129,0.1161290322580644,2.0967741935483866,0.0,-0.9999999995230768,0.0,-0.999999991388889
2025-02-02,36.3,23.1,0.0,34,10,20.89,33,0.0,0.0,True,33,33.0,True,7,29,0.0354838709677419,0.15161290322580628,2.125806451612903,0.0,-0.9999999995295903,0.0,-0.9999999934042554
2025-02-03,36.8,23.5,0.0,23,12,19.99,34,0.0,0.0,True,34,34.0,True,7,29,0.0161290322580645,0.16129032258064502,2.1129032258064515,0.0,-0.9999999995267175,0.0,-0.9999999938
2025-02-04,37.5,22.9,0.0,22,10,21.3,35,0.0,0.0,True,35,35.0,True,7,29,0.0,0.1225806451612902,2.1129032258064515,0.0,-0.9999999995267175,0.0,-0.9999999918421053
2025-02-05,38.8,23.5,0.0,27,7,21.65,36,0.0,0.0,True,36,36.0,True,7,29,0.0129032258064516,0.11935483870967731,2.125806451612903,0.0,-0.9999999995295903,0.0,-0.9999999916216217
2025-02-06,38.7,22.2,0.0,25,10,21.78,37,0.0,0.0,True,37,37.0,True,7,29,0.0,0.0677419354838709,2.125806451612903,0.0,-0.9999999995295903,0.0,-0.9999999852380954
2025-02-07,38.0,22.0,0.0,32,17,21.41,38,0.0,0.0,True,38,38.0,True,7,29,0.0,0.0677419354838709,2.0677419354838706,0.0,-0.9999999995163806,0.0,-0.9999999852380954
2025-02-08,38.8,26.2,0.0,49,16,20.94,39,0.0,0.0,True,39,39.0,True,7,29,0.0,0.06451612903225801,2.06774193548387,0.0,-0.9999999995163806,0.0,-0.9999999845000003
2025-02-09,37.4,26.2,0.0,60,17,19.25,40,0.0,0.0,True,40,40.0,True,7,30,0.0,0.0290322580645161,2.06774193548387,0.0,-0.9999999995163806,0.0,-0.9999999655555568
2025-02-10,38.8,25.2,0.0,34,14,21.6,41,0.0,0.0,True,41,41.0,True,7,30,0.0,0.0129032258064516,2.06774193548387,0.0,-0.9999999995163806,0.0,-0.999999922500006
2025-02-11,39.8,25.0,0.0,27,9,21.95,42,0.0,0.0,True,42,42.0,True,7,30,0.0612903225806451,0.0741935483870967,2.103225806451612,0.0,-0.9999999995245399,0.0,-0.9999999865217393
2025-02-12,39.4,26.6,0.0,44,10,21.92,43,0.0,0.0,True,43,43.0,True,7,30,0.5387096774193548,0.6,2.609677419354838,0.0,-0.9999999996168109,0.0,-0.9999999983333334
2025-02-13,38.8,26.8,0.0,60,19,19.95,44,0.0,0.0,True,44,44.0,True,7,30,0.0483870967741935,0.6483870967741935,2.6548387096774184,0.0,-0.9999999996233293,0.0,-0.9999999984577115
2025-02-14,38.2,26.2,0.0,52,9,18.73,45,0.0,0.0,True,45,45.0,True,7,30,0.1806451612903225,0.829032258064516,2.8225806451612896,0.0,-0.9999999996457143,0.0,-0.9999999987937743
2025-02-15,39.2,23.7,0.0,28,10,22.07,46,0.0,0.0,True,46,46.0,True,7,30,0.2290322580645161,1.058064516129032,3.0516129032258057,0.0,-0.9999999996723045,0.0,-0.999999999054878
2025-02-16,39.0,24.5,0.0,43,9,21.73,47,0.0,0.0,True,47,47.0,True,7,30,0.4193548387096774,1.4774193548387093,3.470967741935483,0.0,-0.9999999997118959,0.0,-0.9999999993231441
2025-02-17,39.2,25.3,0.0,61,17,21.72,48,0.0,0.0,True,48,48.0,True,7,30,0.232258064516129,1.7096774193548383,3.461290322580645,0.0,-0.9999999997110903,0.0,-0.9999999994150943
2025-02-18,40.0,26.5,0.0,42,17,21.42,49,0.0,0.0,True,49,49.0,True,7,30,0.0774193548387096,1.725806451612903,3.493548387096774,0.0,-0.9999999997137581,0.0,-0.9999999994205607
2025-02-19,38.2,27.5,0.0,71,23,19.76,50,0.0,0.0,True,50,50.0,True,7,30,0.0774193548387096,1.2645161290322577,2.512903225806451,0.0,-0.9999999996020539,0.0,-0.9999999992091836
2025-02-20,38.8,28.5,0.0,65,26,20.49,51,0.0,0.0,True,51,51.0,True,7,30,0.5387096774193548,1.754838709677419,2.609677419354838,0.0,-0.9999999996168109,0.0,-0.9999999994301471
2025-02-21,35.9,27.0,0.0,69,30,12.73,52,0.0,0.0,True,52,52.0,True,7,30,1.229032258064516,2.8032258064516125,3.812903225806451,0.0,-0.9999999997377327,0.0,-0.9999999996432681
2025-02-22,38.5,26.5,0.0,68,11,21.52,53,0.0,0.0,True,53,53.0,True,7,30,0.1709677419354838,2.74516129032258,3.9838709677419346,0.0,-0.9999999997489878,0.0,-0.9999999996357226
2025-02-23,36.5,25.5,0.0,75,12,13.34,54,0.0,0.0,True,54,54.0,True,7,30,0.0612903225806451,2.3870967741935476,4.0451612903225795,0.0,-0.9999999997527911,0.0,-0.9999999995810811
2025-02-24,38.6,25.3,0.0,35,9,20.84,55,0.0,0.0,True,55,55.0,True,7,30,0.0064516129032258,2.1612903225806446,4.051612903225806,0.0,-0.9999999997531847,0.0,-0.9999999995373134
2025-02-25,37.3,24.2,0.0,20,9,22.72,56,0.0,0.0,True,56,56.0,True,7,30,0.0290322580645161,2.1129032258064506,4.080645161290322,0.0,-0.9999999997549407,0.0,-0.9999999995267175
2025-02-26,37.5,24.0,0.0,19,9,22.82,57,0.0,0.0,True,57,57.0,True,7,30,0.0612903225806451,2.0967741935483866,4.135483870967742,0.0,-0.9999999997581903,0.0,-0.9999999995230768
2025-02-27,38.9,23.6,0.0,24,8,22.68,58,0.0,0.0,True,58,58.0,True,7,30,0.1903225806451613,1.7483870967741935,4.287096774193548,0.0,-0.9999999997667419,0.0,-0.9999999994280442
2025-02-28,38.5,25.8,0.0,51,15,21.69,59,0.0,0.0,True,59,59.0,True,7,30,0.2516129032258064,0.7709677419354837,4.52258064516129,0.0,-0.9999999997788873,0.0,-0.9999999987029289
2025-03-01,38.5,27.1,0.0,68,20,21.34,60,0.0,0.0,True,60,60.0,True,7,30,0.0304347826086956,0.6304347826086955,4.501402524544179,0.0,-0.999999999777847,0.0,-0.9999999984137932
2025-03-02,39.2,28.5,0.0,60,21,21.49,61,0.0,0.0,True,61,61.0,True,7,30,0.5225806451612903,1.0917251051893406,5.023983169705469,0.0,-0.9999999998009548,0.0,-0.9999999990840184
2025-03-03,39.4,28.3,0.0,66,22,21.27,62,0.0,0.0,True,62,62.0,True,7,30,0.3096774193548387,1.3949509116409535,5.3304347826086955,0.0,-0.9999999998123981,0.0,-0.9999999992831289
2025-03-04,39.7,29.7,0.0,61,23,21.09,63,0.0,0.0,True,63,63.0,True,7,30,0.1064516129032258,1.4723702664796634,5.401402524544179,0.0,-0.9999999998148629,0.0,-0.999999999320823
2025-03-05,38.6,28.5,0.0,67,27,20.51,64,0.0,0.0,True,64,64.0,True,7,30,0.1225806451612903,1.5336605890603083,5.507854137447405,0.0,-0.9999999998184411,0.0,-0.9999999993479652
2025-03-06,37.6,27.2,0.0,72,28,19.5,65,0.0,0.0,True,65,65.0,True,7,30,0.1516129032258064,1.4949509116409534,5.659467040673211,0.0,-0.9999999998233049,0.0,-0.9999999993310816
2025-03-07,39.0,29.7,0.0,57,28,20.34,66,0.0,0.0,True,66,66.0,True,7,30,0.0935483870967742,1.3368863955119212,5.740112201963533,0.0,-0.9999999998257874,0.0,-0.9999999992519932
2025-03-08,38.5,27.5,0.0,69,29,20.99,67,0.0,0.0,True,67,67.0,True,7,30,0.0774193548387096,1.3838709677419354,5.817531556802242,0.0,-0.9999999998281057,0.0,-0.9999999992773893
2025-03-09,39.5,27.8,0.0,75,24,21.19,68,0.0,0.0,True,68,68.0,True,7,30,0.2387096774193548,1.0999999999999999,6.056241234221597,0.0,-0.9999999998348811,0.0,-0.999999999090909
2025-03-10,39.2,28.0,0.1,69,24,20.92,69,0.1,0.1,True,69,69.0,True,7,30,0.7967741935483872,1.5870967741935482,6.853015427769984,1.4592116571076879,-0.985407883283002,6.300813004160058,-0.936991869328318
2025-03-11,37.2,27.8,0.0,66,34,20.92,70,0.1,0.1,True,70,70.0,True,7,30,0.7838709677419355,2.264516129032258,7.63688639551192,1.3094341699998853,-0.9869056581690577,4.415954414004351,-0.9558404554183609
2025-03-12,40.5,26.8,0.0,73,21,21.08,71,0.1,0.1,True,71,71.0,True,7,30,0.532258064516129,2.6741935483870964,8.16914446002805,1.2241183942463352,-0.9877588159351248,3.7394451131975543,-0.9626055484940799
2025-03-13,39.6,28.0,0.0,66,27,20.5,72,0.1,0.1,True,72,72.0,True,7,30,0.970967741935484,3.4935483870967743,9.078821879382888,1.1014644996624015,-0.9889853548932296,2.8624192050901662,-0.9713758076628564
2025-03-14,38.2,25.5,9.1,83,33,20.78,73,9.2,9.2,False,0,72.0,True,7,30,1.1290322580645162,4.529032258064516,9.669144460028049,95.14802511309084,-0.04851974876566988,203.13390308905159,1.0313390311113138
2025-03-15,35.9,25.6,0.0,87,39,18.16,74,9.2,9.2,True,2,72.0,True,7,30,0.5935483870967742,5.045161290322581,10.214305750350631,90.0697533827347,-0.09930246607475116,182.35294114032644,0.823529411601474
2025-03-16,38.5,27.8,0.0,74,28,20.98,75,9.2,9.2,True,3,72.0,True,7,30,0.3838709677419355,5.190322580645162,10.417531556802246,88.31266743905016,-0.11687332551350631,177.25295211003822,0.7725295212930485
2025-03-17,37.8,26.0,0.0,77,26,20.57,76,9.1,9.2,True,4,72.0,True,7,30,1.0516129032258066,5.445161290322581,11.240112201963534,81.84971674548191,-0.1815028324562138,167.12085304987707,0.6712085306824201
2025-03-18,38.2,27.6,0.0,69,26,21.52,77,9.1,9.2,True,5,72.0,True,7,30,0.4677419354838709,5.129032258064517,11.288499298737728,81.49887558759691,-0.18501124403544514,177.42138361320713,0.7742138363270398
2025-03-19,37.4,27.1,0.0,68,32,21.09,78,9.1,9.2,True,6,72.0,True,7,30,0.1806451612903225,4.77741935483871,11.236886395511918,81.87321358749166,-0.18126786403609066,190.47940576701646,0.9047940578794826
2025-03-20,37.9,26.4,0.0,70,23,21.97,79,9.1,9.2,True,7,72.0,True,7,30,0.164516129032258,3.970967741935484,11.32398316970547,81.24349763959293,-0.18756502351576249,229.1632818269369,1.2916328185211972
2025-03-21,37.5,27.1,6.0,73,35,18.77,80,6.0,15.2,False,0,72.0,True,7,30,1.229032258064516,4.070967741935484,12.475596072931275,121.83786578151225,0.21837865789527908,147.38510297488955,0.47385102999453727
2025-03-22,37.2,27.5,0.0,70,33,21.63,81,6.0,15.2,True,2,72.0,True,7,30,1.3806451612903226,4.858064516129033,13.317531556802242,114.1352654884072,0.1413526549591609,123.50597607019465,0.23505976090778974
2025-03-23,37.1,27.1,0.1,72,35,20.85,82,6.1,15.299999999999999,True,3,72.0,True,7,30,0.932258064516129,5.4064516129032265,13.020757363253853,117.50468557231085,0.17504685579990886,112.82816227030025,0.1282816228879668
2025-03-24,36.8,27.7,0.0,71,36,21.12,83,6.1,15.299999999999999,True,4,72.0,True,7,30,0.8096774193548387,5.164516129032258,13.65946704067321,112.01022670446616,0.12010226711787085,118.11367892778561,0.1811367894714851
2025-03-25,37.8,28.0,0.3,70,33,21.05,84,6.4,15.6,True,5,72.0,True,7,30,1.7032258064516128,6.3999999999999995,15.301402524544178,101.95143859497418,0.01951438601509518,99.99999998437501,1.3877787805646053e-16
2025-03-26,34.3,26.5,0.5,77,46,15.02,85,6.9,16.099999999999998,True,6,72.0,False,6,29,1.5838709677419356,7.803225806451613,16.87882187938289,95.38580425871983,-0.046141957353555835,88.42496898412082,-0.1157503100306397
2025-03-27,36.1,26.2,1.3,82,39,18.44,86,8.2,17.4,False,0,72.0,True,6,29,0.5064516129032258,8.14516129032258,17.3562412342216,100.25212120634505,0.002521212121066755,100.67326731437278,0.006732673266500131
2025-03-28,37.0,26.0,0.2,79,38,20.76,87,2.4000000000000004,17.599999999999998,True,2,72.0,True,6,29,0.3387096774193548,7.25483870967742,17.633660589060312,99.80911172760528,-0.0019088826672374677,33.08136949299457,-0.6691863049322153
2025-03-29,37.6,25.3,4.9,90,36,22.1,88,7.300000000000001,22.5,False,0,72.0,True,6,29,0.8741935483870968,6.748387096774194,18.317531556802248,122.8331444605387,0.2283314446599795,108.17399615987861,0.08173996174696971
2025-03-30,38.5,26.6,0.0,80,28,21.87,89,7.200000000000001,22.5,True,2,72.0,True,6,29,0.635483870967742,6.451612903225807,18.701402524544186,120.31183206322265,0.20311832068569843,111.599999982702,0.11599999998202008
2025-03-31,39.6,27.2,0.0,74,21,22.41,90,7.200000000000001,22.5,True,3,72.0,True,6,29,0.6645161290322581,6.306451612903226,19.335483870967746,116.36636636034807,0.163663663655199,114.16879793586072,0.14168797951717493
2025-04-01,38.8,27.9,0.0,72,27,22.69,91,6.9,22.5,True,4,72.0,True,6,29,1.2677419354838708,5.870967741935484,20.080645161290327,112.0481927655044,0.1204819277048432,117.52747250745412,0.1752747252448708
2025-04-02,38.5,28.4,0.0,73,27,22.05,92,6.4,22.5,True,5,72.0,True,7,29,0.8612903225806453,5.148387096774194,20.632258064516133,109.05253282773508,0.0905253283258186,124.31077691821031,0.24310776937633877
2025-04-03,38.7,25.9,0.0,83,23,22.23,93,5.1000000000000005,22.5,True,6,72.0,True,7,29,1.1290322580645162,5.7709677419354835,21.65483870967742,103.90287501382245,0.03902875018440349,88.37339294164576,-0.11626607041026117
2025-04-04,38.4,28.0,0.0,72,30,22.48,94,4.9,22.5,True,7,72.0,True,7,29,1.5419354838709678,6.974193548387097,23.074193548387104,97.51153361803037,-0.02488466377635788,70.25901941638284,-0.2974098056927858
2025-04-05,39.5,28.5,0.0,65,23,22.65,95,0.0,22.5,True,8,72.0,True,7,29,1.3161290322580643,7.416129032258064,24.238709677419358,92.82672344573112,-0.0717327655014325,0.0,-0.9999999998651588
2025-04-06,39.0,28.8,0.0,68,28,22.46,96,0.0,22.5,True,9,72.0,True,7,29,1.9451612903225808,8.725806451612904,26.090322580645164,86.23887240025543,-0.13761127595911737,0.0,-0.9999999998853975
2025-04-07,38.7,28.1,0.0,75,30,22.04,97,0.0,22.5,True,10,72.0,True,7,29,1.6451612903225807,9.706451612903225,27.658064516129034,81.35059481861224,-0.18649405177772188,0.0,-0.9999999998969757
2025-04-08,37.4,27.9,0.1,75,38,22.14,98,0.1,22.6,True,11,72.0,True,7,29,1.2129032258064516,9.651612903225807,28.63225806451613,78.93195132667093,-0.21068048669836512,1.0360962565771423,-0.989639037330619
2025-04-09,34.0,24.8,0.6,90,45,20.46,99,0.7,23.099999999999998,True,12,72.0,False,6,28,1.467741935483871,10.258064516129032,29.303225806451614,78.83091149004429,-0.21169088506543118,6.823899370403959,-0.9317610061984762
2025-04-10,35.9,27.1,0.0,76,44,22.1,100,0.7,23.099999999999998,True,13,72.0,True,6,28,0.5935483870967742,9.72258064516129,29.112903225806456,79.34626038508615,-0.20653739611478947,7.199734571256829,-0.9280026541845784
2025-04-11,35.1,25.1,4.1,87,48,20.2,101,4.8,27.2,False,0,72.0,True,6,28,1.5903225806451613,9.770967741935483,30.17096774193548,90.15289211718728,-0.09847107879498272,49.12512379820773,-0.5087487619155786
2025-04-12,35.8,27.0,0.0,81,39,20.08,102,4.8,27.2,True,2,13.0,True,6,28,1.6451612903225807,10.1,30.84516129032258,88.1823886187684,-0.11817611377989597,47.524752470542104,-0.5247524751955691
2025-04-13,36.5,27.5,0.0,75,34,22.95,103,4.8,18.1,True,3,13.0,True,6,28,1.535483870967742,9.69032258064516,31.25161290322581,57.91701073307656,-0.420829892637236,49.53395472191893,-0.504660452677615
2025-04-14,36.3,27.4,0.5,71,40,21.97,104,5.3,18.6,True,4,13.0,True,6,28,1.2419354838709675,9.28709677419355,31.900000000000002,58.30721002952015,-0.4169278996734505,57.068426530847084,-0.4293157345838529
2025-04-15,36.0,27.6,0.2,67,39,21.19,105,5.4,18.8,True,5,13.0,True,6,28,1.1096774193548389,9.183870967741935,32.6258064516129,57.62309669588065,-0.423769033010543,58.79873550466189,-0.4120126448444945
2025-04-16,36.8,26.9,0.8,80,37,22.31,106,5.6,19.6,True,6,13.0,True,7,28,2.290322580645161,10.006451612903227,33.86451612903226,57.87769098705068,-0.42122309009996395,55.96389425617381,-0.44036105733832637
2025-04-17,34.0,27.1,0.9,77,52,16.65,107,6.5,20.5,True,7,13.0,False,6,27,1.6064516129032258,11.019354838709678,35.00322580645162,58.56603077890006,-0.4143396921824307,58.98711943258606,-0.41012880558338993
2025-04-18,36.8,27.5,0.8,83,42,23.17,108,3.2,21.3,True,8,13.0,True,6,27,1.435483870967742,10.864516129032257,36.25806451612904,58.74555159980328,-0.41254448397438725,29.45368170750278,-0.7054631828329294
2025-04-19,35.7,25.8,0.5,81,44,22.09,109,3.7,21.8,True,9,13.0,True,6,27,1.3806451612903226,10.6,37.4741935483871,58.17336661633522,-0.4182663338099628,34.905660374065505,-0.6509433961650053
2025-04-20,36.2,26.3,0.1,80,43,22.57,110,3.8000000000000003,15.9,True,10,13.0,True,6,27,1.6516129032258065,10.716129032258065,37.89677419354839,41.95607762912782,-0.5804392236823345,35.460565920833,-0.6453943406983527
2025-04-21,36.8,27.1,0.6,72,43,23.21,111,3.9,16.5,True,11,13.0,True,6,27,2.635483870967742,12.109677419354838,39.151612903225804,42.14385762436644,-0.578561423730794,32.205647306877,-0.6779435268486514
2025-04-22,38.0,27.4,0.4,73,36,23.28,112,4.1,16.8,True,12,13.0,True,6,27,2.803225806451613,13.803225806451612,41.022580645161284,40.95305496479553,-0.590469450327668,29.703201680484227,-0.7029679831227109
2025-04-23,33.5,27.2,0.6,75,46,11.98,113,3.9,17.4,True,13,13.0,False,5,26,3.290322580645161,14.803225806451614,43.50322580645161,39.997033960225494,-0.6000296603747584,26.345609063376084,-0.7365439092986863
2025-04-24,36.7,25.7,0.0,88,40,23.34,114,3.0,17.1,True,14,14.0,True,6,26,1.4580645161290324,14.654838709677419,43.25806451612903,39.53020134136806,-0.6046979865632024,20.471054367962573,-0.7952894562521374
2025-04-25,37.9,27.5,0.1,74,38,23.37,115,2.3,16.700000000000003,True,15,15.0,True,6,27,1.974193548387097,15.193548387096776,43.6483870967742,38.260291182332374,-0.617397088153766,15.138004245288153,-0.848619957481301
2025-04-26,34.8,25.9,1.4,80,47,21.21,116,3.1999999999999997,16.8,False,0,15.0,False,5,26,1.5,15.312903225806451,44.641935483870974,37.632776933906634,-0.6236722306385333,20.897408888460458,-0.791025911050091
2025-04-27,36.0,25.5,0.2,87,40,16.27,117,3.3,16.8,True,2,15.0,True,5,26,2.5,16.161290322580648,46.80322580645162,35.89496174711369,-0.6410503825074971,20.41916167538324,-0.7958083831842913
2025-04-28,36.9,25.6,11.2,92,39,23.39,118,13.899999999999999,23.1,False,0,15.0,True,5,26,3.051612903225806,16.57741935483871,48.980645161290326,47.16148577353662,-0.5283851422442177,83.8489978544477,-0.16151002139519993
2025-04-29,33.7,25.0,2.0,94,50,22.11,119,15.499999999999998,25.1,False,0,15.0,False,4,25,1.9483870967741932,15.722580645161289,50.29354838709678,49.90699762584369,-0.5009300237216799,98.58432498347125,-0.014156750101684743
2025-04-30,33.6,25.2,1.2,86,52,19.81,120,16.099999999999998,26.3,False,0,15.0,False,4,24,1.6193548387096774,14.051612903225806,51.248387096774195,51.318688234663014,-0.48681311763385715,114.57759411489461,0.14577594122011228
2025-05-01,32.8,26.1,9.0,83,48,16.46,121,25.099999999999998,35.3,False,0,15.0,False,3,23,1.8258064516129036,14.419354838709676,51.806451612903224,68.13823163006707,-0.31861768368002674,174.07158835481832,0.7407158836175343
2025-05-02,32.8,24.5,1.7,94,54,17.46,122,26.699999999999996,37.0,False,0,15.0,False,2,22,1.7548387096774194,14.2,52.7,70.2087286514192,-0.29791271346683285,188.02816900084306,0.8802816900788532
2025-05-03,33.8,25.6,0.6,90,48,16.14,123,25.9,37.6,True,2,15.0,False,2,21,1.367741935483871,14.06774193548387,52.938709677419354,71.02553165425522,-0.2897446834385582,184.10914926460129,0.8410914927170974
2025-05-04,34.2,26.9,0.7,81,50,19.16,124,26.4,38.3,True,3,15.0,False,1,20,1.967741935483871,13.535483870967742,53.36451612903226,71.7705373860697,-0.282294626120564,195.04289798368367,0.9504289799107166
2025-05-05,34.8,27.0,0.2,83,48,16.34,125,15.399999999999999,38.5,True,4,15.0,False,0,19,2.1548387096774198,12.638709677419357,54.20322580645162,71.02898291840629,-0.28971017079748806,121.84788156258986,0.21847881570502053
2025-05-06,35.4,26.8,0.1,83,42,21.75,126,13.5,38.6,True,5,15.0,True,1,19,2.967741935483871,13.658064516129034,55.22580645161291,69.89485981181849,-0.3010514018637077,98.84270192946592,-0.011572980632123987
2025-05-07,35.8,26.5,0.3,76,44,22.11,127,12.6,38.9,True,6,15.0,True,2,19,1.8580645161290323,13.896774193548387,55.43870967741936,70.16757826010985,-0.29832421738086357,90.6685236703558,-0.09331476322448293
2025-05-08,35.2,26.7,0.0,79,45,23.79,128,3.5999999999999996,38.8,True,7,15.0,True,3,19,2.435483870967742,14.506451612903225,56.661290322580655,68.47708511123096,-0.31522914887004166,24.816544361197877,-0.7518345563190864
2025-05-09,36.5,26.3,0.6,79,43,22.5,129,2.5,38.8,True,8,15.0,True,4,20,2.116129032258064,14.867741935483869,57.30967741935485,67.70235280755443,-0.3229764719070067,16.81492731498967,-0.8318507267828436
2025-05-10,34.3,25.4,0.0,89,49,22.47,130,1.9,38.8,True,9,15.0,False,4,19,2.948387096774194,16.448387096774194,59.664516129032265,65.03027681551906,-0.3496972318280491,11.551284564898822,-0.8844871542902155
2025-05-11,35.3,26.6,0.3,86,48,23.09,131,1.5,35.0,True,10,15.0,True,5,19,2.577419354838709,17.058064516129033,60.65161290322581,57.70662695362786,-0.4229337304472339,8.793494704476931,-0.9120650528966073
2025-05-12,35.6,27.0,0.1,73,47,22.38,132,1.4,35.1,True,11,15.0,True,6,19,1.3129032258064517,16.216129032258063,60.319354838709685,58.19027755398476,-0.41809722444357406,8.633379748821095,-0.913666202450122
2025-05-13,35.1,26.8,0.0,77,46,22.35,133,1.3,35.1,True,12,15.0,True,6,19,1.7999999999999998,15.048387096774192,60.58387096774194,57.93621212832329,-0.42063787870026104,8.638799570701389,-0.9136120042265338
2025-05-14,34.5,26.0,0.2,81,49,22.14,134,1.2,34.800000000000004,True,13,15.0,False,5,18,2.806451612903226,15.996774193548385,62.148387096774194,55.99501712771939,-0.44004982870671566,7.501512401224951,-0.9249848759252379
2025-05-15,36.0,26.4,0.0,81,42,23.52,135,1.2,34.6,True,14,15.0,True,5,18,3.448387096774194,17.009677419354837,64.48709677419355,53.654144364132215,-0.46345855634317074,7.054807509541629,-0.9294519248457936
2025-05-16,34.1,25.5,4.8,92,50,22.42,136,5.3999999999999995,38.6,False,0,15.0,False,4,17,1.8806451612903223,16.774193548387096,64.0774193548387,60.23962947952708,-0.397603705189123,32.19230769038853,-0.6780769230364994
2025-05-17,32.1,23.9,4.1,97,63,18.12,137,9.5,41.8,False,0,15.0,False,4,17,1.7483870967741937,15.574193548387097,64.21935483870968,65.08941129092938,-0.3491058870751345,60.99834299525487,-0.3900165699832425
2025-05-18,30.9,24.0,4.8,98,61,15.85,138,13.999999999999998,45.8,False,0,15.0,False,3,16,1.2096774193548387,14.206451612903226,63.99354838709677,71.56971468786236,-0.28430285310574993,98.54677565155549,-0.014532243414054432
2025-05-19,33.5,25.0,0.0,95,49,23.01,139,13.899999999999999,45.3,True,2,15.0,False,2,15,1.335483870967742,14.229032258064516,63.94838709677419,70.8383777228632,-0.2916162227557304,97.68759917699316,-0.023124008159789582
2025-05-20,34.8,24.0,20.0,95,49,22.92,140,33.9,65.19999999999999,False,0,15.0,False,1,14,3.0354838709677416,15.464516129032258,65.33225806451613,99.79756085365439,-0.0020243914481496467,219.21151437881608,1.192115143852825
2025-05-21,33.2,23.6,0.0,94,52,19.02,141,33.699999999999996,64.6,True,2,15.0,False,1,13,1.7645161290322582,14.42258064516129,64.46129032258065,100.21518290391495,0.0021518290546629166,233.6613732783639,1.3366137328529746
2025-05-22,33.6,25.1,0.1,88,53,22.66,142,33.8,64.3,True,3,15.0,False,0,12,1.6516129032258065,12.625806451612902,63.309677419354834,101.56425150150388,0.015642515030834168,267.70567192565437,1.6770567193357466
2025-05-23,34.3,25.5,2.6,88,52,22.1,143,31.599999999999998,66.3,False,0,15.0,False,0,12,1.2354838709677418,11.980645161290322,61.25483870967742,108.23634735723033,0.08236347358862844,263.7587506511133,1.6375875065946008
2025-05-24,31.0,23.4,0.0,90,57,17.22,144,27.5,66.3,True,2,15.0,False,0,11,2.0903225806451613,12.322580645161288,61.88709677419356,107.13057075667392,0.07130570758289763,223.16753924890529,1.2316753925702046
2025-05-25,34.0,25.1,0.0,83,48,23.57,145,22.7,66.2,True,3,14.0,False,0,10,3.064516129032258,14.17741935483871,62.97741935483871,105.11704143663442,0.05117041438222294,160.1137656314823,0.6011376563853577
2025-05-26,35.0,26.3,0.0,84,49,21.84,146,22.7,64.8,True,4,14.0,False,0,10,2.596774193548387,15.438709677419354,64.0741935483871,101.13275940032464,0.011327594018853467,147.03301294492684,0.4703301295140405
2025-05-27,33.8,25.2,0.3,84,54,15.8,147,3.0,64.89999999999999,True,5,14.0,False,0,9,1.0483870967741935,13.451612903225806,62.622580645161285,103.63673826651588,0.03636738268112734,22.30215827172334,-0.7769784172084261
2025-05-28,33.2,25.1,0.1,90,56,19.78,148,3.1,53.8,True,6,14.0,False,0,8,2.077419354838709,13.764516129032256,61.648387096774194,87.2691120283055,-0.12730887970072394,22.52167799227052,-0.7747832200046443
2025-05-29,30.8,24.9,0.9,91,65,12.96,149,3.9000000000000004,52.699999999999996,True,7,14.0,False,0,8,1.9387096774193548,14.051612903225807,61.63870967741935,85.4982206391823,-0.14501779359195335,27.754820934663915,-0.7224517905821947
2025-05-30,32.2,24.7,0.1,92,56,21.5,150,1.4000000000000001,51.6,True,8,14.0,False,0,8,2.129032258064516,14.945161290322579,62.14838709677419,83.02709436179082,-0.16972905636600136,9.367580400840936,-0.9063241959246793
2025-05-31,33.8,25.8,0.0,86,55,22.82,151,1.4000000000000001,42.6,True,9,14.0,False,0,8,2.2225806451612904,15.077419354838709,62.54516129032257,68.11078446432957,-0.3188921553407159,9.285408642944272,-0.9071459135042329
2025-06-01,34.5,26.2,0.6,85,48,22.29,152,2.0,41.5,True,10,14.0,False,0,8,1.529032258064516,13.541935483870967,62.31935483870967,66.59247372945579,-0.3340752626893957,14.768937588237646,-0.8523106240437789
2025-06-02,33.2,25.2,0.1,82,51,21.92,153,2.1,40.99999999999999,True,11,14.0,False,0,8,2.138709677419355,13.083870967741934,63.090322580645164,64.98619490642469,-0.35013805091990285,16.050295856761444,-0.8394970413559556
2025-06-03,33.0,25.1,1.2,86,53,16.81,154,3.0,41.5,False,0,14.0,False,0,8,3.335483870967742,15.370967741935484,64.45806451612903,64.38294464918634,-0.35617055349262267,19.517313744795306,-0.8048268624869892
2025-06-04,31.0,24.2,0.6,87,57,17.23,155,3.5,41.9,True,2,14.0,False,0,8,4.422580645161291,17.716129032258063,66.72580645161291,62.79429538218678,-0.37205704616314544,19.756008738870293,-0.8024399125548514
2025-06-05,32.0,25.1,0.7,85,55,20.33,156,3.3,42.49999999999999,True,3,14.0,False,0,7,3.774193548387097,19.551612903225806,67.53225806451613,62.93288750802438,-0.37067112490494836,16.87840290294798,-0.8312159709193735
2025-06-06,33.2,24.0,5.1,94,49,21.22,157,8.299999999999999,47.3,False,0,14.0,False,0,6,2.870967741935484,20.293548387096774,68.54516129032258,69.00560026253508,-0.3099439973600602,40.89969797922764,-0.5910030201584469
2025-06-07,31.5,23.9,0.9,95,60,17.07,158,9.2,48.199999999999996,True,2,14.0,False,0,5,2.812903225806452,20.883870967741935,68.92258064516129,69.9335392669812,-0.3006646073156789,44.05313561729125,-0.5594686437792037
2025-06-08,34.3,23.8,0.5,92,44,23.93,159,9.1,48.099999999999994,True,3,14.0,False,0,4,1.716129032258065,21.070967741935483,68.52258064516128,70.1958384322681,-0.29804161566272513,43.1873851785995,-0.5681261481665464
2025-06-09,34.2,26.0,0.6,83,48,22.68,160,9.6,48.699999999999996,True,4,14.0,False,0,4,2.519354838709677,21.451612903225804,68.09354838709677,71.51925718782647,-0.2848074281070496,44.75187969716195,-0.552481202981764
2025-06-10,33.7,25.0,8.4,89,52,20.6,161,16.799999999999997,56.8,False,0,14.0,False,0,3,3.116129032258064,21.23225806451613,68.63225806451611,82.75991727647795,-0.1724008272206501,79.12488604914482,-0.20875113946145374
2025-06-11,31.6,24.4,15.0,93,60,20.64,162,31.200000000000003,71.7,False,0,14.0,False,0,2,2.4935483870967743,19.303225806451614,69.81290322580645,102.7030773481269,0.027030773495592894,161.63101603440748,0.6163101603958797
2025-06-12,32.7,23.3,0.7,96,54,22.44,163,31.2,72.4,True,2,14.0,False,0,1,1.525806451612903,17.05483870967742,69.53870967741936,104.11467272661893,0.04114672728056983,182.9392850280478,0.8293928503391126
2025-06-13,33.2,24.1,8.2,92,55,21.97,164,34.3,80.39999999999999,False,0,14.0,False,0,1,1.6,15.783870967741935,68.33225806451613,117.66038804529693,0.1766038804676038,217.3104434769331,1.1731044348326871
2025-06-14,31.8,24.0,6.1,98,57,17.77,165,39.5,86.5,False,0,11.0,False,0,0,1.4967741935483871,14.46774193548387,66.38064516129032,130.3090679346683,0.30309067936174766,273.02118169796285,1.730211817048748
2025-06-15,29.8,23.5,0.9,97,65,11.57,166,39.9,82.6,True,2,11.0,False,0,0,1.912903225806452,14.664516129032258,66.41290322580645,124.37342140865768,0.2437342141016341,272.085349739475,1.7208534974629421
2025-06-16,30.7,23.7,4.3,95,61,16.62,167,43.6,82.8,False,0,11.0,False,0,0,1.941935483870968,14.087096774193547,66.60645161290323,124.31228205935018,0.2431228206085156,309.5030913451006,2.0950309135219927
2025-06-17,32.0,23.9,0.6,93,56,22.19,168,35.8,78.6,True,2,11.0,False,0,0,2.338709677419355,13.309677419354838,67.73548387096774,116.03962281950793,0.16039622820984265,268.9772176239983,1.6897721763151166
2025-06-18,33.5,23.5,0.4,89,53,22.41,169,21.199999999999996,78.99999999999999,True,3,11.0,False,0,0,4.580645161290323,15.396774193548389,70.98064516129033,111.29794582646323,0.11297945827872072,137.69117954270175,0.37691179549196635
2025-06-19,33.3,24.3,0.6,89,47,22.43,170,21.099999999999998,59.6,True,4,11.0,False,0,0,1.9967741935483871,15.86774193548387,69.94193548387098,85.21354118501907,-0.14786458813551168,132.97418173587678,0.3297418174217889
2025-06-20,32.9,23.8,1.1,95,51,22.58,171,13.999999999999998,60.7,False,0,11.0,False,0,0,2.6903225806451614,16.958064516129035,70.86774193548388,85.6525103542923,-0.14347489644296615,82.5565912068494,-0.17443408787253692
2025-06-21,32.5,23.5,3.5,91,51,21.64,172,11.399999999999999,64.1,False,0,11.0,False,0,0,2.1580645161290324,17.619354838709675,71.3741935483871,89.80837024189456,-0.10191629756704365,64.70157451115755,-0.3529842548316688
2025-06-22,32.5,23.1,0.1,92,50,20.42,173,10.599999999999998,61.599999999999994,True,2,11.0,False,0,0,1.6935483870967742,17.400000000000002,71.83225806451611,85.75534399018395,-0.1424465600842392,60.919540226383916,-0.3908045976786896
2025-06-23,33.3,23.8,5.6,93,53,19.72,174,11.899999999999999,67.19999999999999,False,0,11.0,False,0,0,2.329032258064516,17.787096774193547,72.07096774193548,93.24142869801696,-0.06758571300595513,66.90243017396811,-0.3309756982040982
2025-06-24,33.2,24.1,0.1,92,54,22.31,175,11.399999999999999,67.3,True,2,11.0,False,0,0,3.6903225806451614,19.138709677419357,72.69677419354838,92.57632232744504,-0.0742367767117938,59.56514410610731,-0.40434855888667665
2025-06-25,32.7,24.8,2.7,88,52,21.41,176,13.699999999999998,70.0,False,0,11.0,False,0,0,2.9451612903225803,17.503225806451614,73.04516129032257,95.83112524157802,-0.04168874757052962,78.27128639434866,-0.2172871359993811
2025-06-26,29.3,23.5,5.8,96,65,11.91,177,18.9,75.5,False,0,11.0,False,0,0,3.9129032258064513,19.41935483870968,75.90967741935484,99.4603093646595,-0.005396906340231429,97.32558139033704,-0.026744186045134625
2025-06-27,28.7,23.2,4.3,96,68,13.59,178,22.099999999999998,79.7,False,0,11.0,False,0,0,1.364516129032258,18.093548387096774,75.19677419354838,105.98858907670817,0.059885890780380036,122.1429844824631,0.22142984487989945
2025-06-28,31.9,23.8,0.0,91,54,21.02,179,18.599999999999998,78.8,True,2,11.0,False,0,0,3.687096774193548,19.62258064516129,76.94516129032256,102.41059824626895,0.02410598247568578,94.78875554341862,-0.05211244451485211
2025-06-29,33.6,24.8,0.7,83,50,23.67,180,19.2,79.4,True,3,11.0,False,0,0,3.3774193548387097,21.306451612903228,78.19354838709675,101.54290428913046,0.015429042904093438,90.11355033642161,-0.09886449658884977
2025-06-30,33.0,25.2,1.0,84,51,20.6,181,14.599999999999998,80.4,False,0,11.0,False,0,0,3.4935483870967743,22.470967741935482,79.46451612903226,101.1772347149726,0.011772347162310267,64.97272465975573,-0.35027275335794084
2025-07-01,31.4,24.4,0.7,86,53,17.64,182,15.199999999999998,80.5,True,2,11.0,False,0,0,4.767741935483871,23.548387096774192,82.70322580645161,97.33598564512933,-0.02664014353661524,64.54794520273836,-0.3545205479301506
2025-07-02,32.4,24.2,5.0,89,50,20.89,183,17.5,85.4,False,0,4.0,False,0,0,4.538709677419354,25.141935483870967,85.1032258064516,100.34872261272429,0.003487226138993382,69.6048242209934,-0.3039517577502919
2025-07-03,31.3,24.8,3.2,86,55,16.16,184,14.899999999999999,87.39999999999999,False,0,4.0,False,0,0,3.196774193548387,24.4258064516129,84.96451612903226,102.86647177068646,0.028664717718634346,61.00105652153852,-0.3899894347436745
2025-07-04,27.3,23.0,8.0,96,75,10.7,185,18.599999999999998,94.80000000000001,False,0,4.0,False,0,0,4.45483870967742,27.516129032258064,84.99677419354839,111.53364453927756,0.1153364454045409,67.59671746530421,-0.3240328253106155
2025-07-05,28.9,22.9,18.0,96,65,13.85,186,36.599999999999994,112.1,False,0,4.0,False,0,0,2.574193548387097,26.403225806451612,83.79677419354839,133.77603264266577,0.33776032643859155,138.61942577361367,0.3861942577740108
2025-07-06,28.7,23.0,6.2,95,67,17.31,187,42.1,113.19999999999999,False,0,4.0,False,0,0,2.541935483870968,25.567741935483873,83.46774193548389,135.62125603702248,0.3562125603822054,164.66061064205843,0.6466061064596961
2025-07-07,29.6,22.6,12.2,97,62,15.4,188,53.3,124.5,False,0,4.0,False,0,0,3.429032258064516,25.503225806451614,84.08387096774194,148.06644671043117,0.4806644671162046,208.99316973630303,1.0899316974022413
2025-07-08,30.7,22.9,17.2,97,61,16.29,189,69.8,141.2,False,0,4.0,False,0,0,4.119354838709677,24.854838709677416,86.48709677419356,163.2613479523102,0.6326134795346641,280.83062945008993,1.8083062945411326
2025-07-09,27.4,22.4,17.5,99,73,8.07,190,82.3,158.1,False,0,4.0,False,0,0,5.080645161290323,25.396774193548392,89.04838709677419,177.54392320032463,0.7754392320144761,324.0569033277711,2.240569033317086
2025-07-10,30.1,22.5,1.5,98,59,19.9,191,80.6,151.2,False,0,4.0,False,0,0,7.838709677419355,30.038709677419355,93.7709677419355,161.243936838213,0.6124393683927942,268.3204467264627,1.6832044672979172
2025-07-11,31.0,23.4,0.0,94,57,21.25,192,72.6,136.2,True,2,4.0,False,0,0,3.5903225806451613,29.174193548387098,94.86774193548388,143.5682954182561,0.4356829541931018,248.85006633379655,1.4885006633722426
2025-07-12,29.0,23.1,9.8,96,68,12.34,193,64.39999999999999,145.29999999999998,False,0,4.0,False,0,0,3.4516129032258065,30.05161290322581,96.79354838709678,150.11331066964823,0.5011331067068133,214.29798195937818,1.142979819627058
2025-07-13,28.2,22.3,12.9,96,68,16.95,194,71.1,150.0,False,0,4.0,False,0,0,3.438709677419354,30.948387096774194,98.63225806451614,152.0800627928066,0.5208006279382047,229.73733582747354,1.2973733583070473
2025-07-14,29.5,22.1,0.9,96,59,19.83,195,59.8,144.8,True,2,4.0,False,0,0,3.148387096774193,30.66774193548387,100.28387096774193,144.39011837220917,0.44390118373206366,194.99316292621774,0.9499316292947849
2025-07-15,30.6,22.8,7.4,98,57,18.37,196,50.0,151.29999999999998,False,0,4.0,False,0,0,5.638709677419355,32.18709677419355,104.00967741935484,145.46723319650482,0.4546723319746625,155.34175184925277,0.553417518523596
2025-07-16,30.8,23.0,0.8,98,64,21.95,197,33.300000000000004,147.8,True,2,4.0,False,0,0,4.112903225806452,31.21935483870968,106.18064516129031,139.19674322386834,0.3919674322481011,106.66460012057595,0.06664600123779087
2025-07-17,29.8,23.6,0.1,89,58,18.91,198,31.900000000000002,147.29999999999998,True,3,4.0,False,0,0,7.203225806451612,30.583870967741934,111.04516129032257,132.64873344059026,0.32648733441490785,104.30334352575319,0.04303343529022897
2025-07-18,30.0,23.1,1.2,89,60,19.89,199,33.1,148.10000000000002,False,0,4.0,False,0,0,5.164516129032258,32.15806451612903,111.62903225806451,132.67157925036477,0.32671579251260585,102.92908014525952,0.02929080148369153
2025-07-19,31.2,23.0,0.0,93,56,22.77,200,23.3,147.5,True,2,3.0,False,0,0,3.816129032258064,32.522580645161284,113.44838709677418,130.01507008899017,0.30015070089871637,71.64253124159801,-0.2835746875532722
2025-07-20,29.8,24.9,2.7,86,60,17.47,201,13.100000000000001,149.1,False,0,3.0,False,0,0,5.245161290322581,34.329032258064515,116.00322580645161,128.5309084830832,0.28530908483945255,38.160120277031616,-0.6183987972005541
2025-07-21,30.0,24.0,9.3,92,64,19.35,202,21.5,154.9,False,0,3.0,False,0,0,7.387096774193548,38.567741935483866,121.23225806451613,127.77127348093211,0.27771273481756986,55.746068917925626,-0.44253931079481534
2025-07-22,30.2,23.5,5.4,94,62,19.77,203,19.5,160.2,False,0,3.0,False,0,0,5.509677419354839,38.438709677419354,125.0483870967742,128.11040887295974,0.28110408873759446,50.73011077410824,-0.4926988922329023
2025-07-23,28.7,22.3,10.3,98,66,18.1,204,29.0,164.9,False,0,3.0,False,0,0,6.896774193548388,41.222580645161294,129.61612903225807,127.2218212578224,0.2722182125859389,70.34979262682461,-0.29650207370749554
2025-07-24,28.9,23.0,2.8,89,64,17.94,205,31.700000000000003,167.60000000000002,False,0,3.0,False,0,0,6.164516129032258,40.18387096774194,132.09032258064516,126.88287584157143,0.2688287584232849,78.8873725596488,-0.21112627437862655
2025-07-25,29.5,22.9,0.8,91,61,19.99,206,31.3,165.7,True,2,3.0,False,0,0,6.62258064516129,41.64193548387097,135.76774193548388,122.04666413139529,0.22046664132131838,75.1646138335037,-0.24835386164094897
2025-07-26,30.7,23.1,2.4,88,56,19.53,207,33.7,162.3,False,0,3.0,False,0,0,5.474193548387096,43.300000000000004,137.3290322580645,118.1833129748042,0.18183312975532373,77.82909930536192,-0.22170900692328618
2025-07-27,29.3,22.2,29.8,97,61,17.06,208,60.8,187.8,False,0,3.0,False,0,0,4.77741935483871,42.832258064516125,140.74193548387095,133.4357093733357,0.33435709374046213,141.9490887148664,0.4194908871720108
2025-07-28,31.0,22.3,1.5,98,57,22.03,209,53.0,189.3,False,0,3.0,False,0,0,5.658064516129032,41.103225806451604,142.71290322580646,132.64392757756113,0.32643927578261805,128.94365091508618,0.2894365091751906
2025-07-29,31.1,23.4,0.6,93,59,21.54,210,48.199999999999996,189.20000000000002,True,2,3.0,False,0,0,4.948387096774193,40.541935483870965,144.28387096774193,131.13038812286152,0.31130388123554603,118.88924251775497,0.1888924252022154
2025-07-30,31.6,24.1,0.1,90,56,22.22,211,38.0,188.3,True,3,3.0,False,0,0,4.574193548387097,38.21935483870968,145.3645161290322,129.53642677939433,0.2953642678008224,99.4260634680265,-0.005739365293570276
2025-07-31,29.9,24.3,3.9,89,62,14.87,212,39.099999999999994,191.5,False,0,3.0,False,0,0,9.603225806451611,41.65806451612903,150.19999999999996,127.49667110434429,0.27496671105010045,93.85937741760134,-0.06140622579998183
2025-08-01,27.6,23.1,10.9,95,75,10.31,213,49.2,197.4,False,0,3.0,False,0,0,5.048387096774194,40.08387096774193,150.70967741935482,130.980308218309,0.3098030821897254,122.74263640447047,0.22742636406965241
2025-08-02,30.0,23.0,0.1,96,62,19.23,214,46.9,194.3,True,2,3.0,False,0,0,4.590322580645162,39.2,152.1032258064516,127.74219545216323,0.2774219545282068,119.64285713980503,0.19642857142356038
2025-08-03,31.8,24.0,15.9,89,55,16.56,215,33.0,202.20000000000002,False,0,3.0,False,0,0,3.2580645161290325,37.68064516129032,150.90645161290323,133.9902952044305,0.33990295205093174,87.57811830946416,-0.12421881687881962
2025-08-04,26.2,22.7,17.5,98,78,7.49,216,49.0,201.70000000000002,False,0,3.0,False,0,0,5.603225806451612,37.6258064516129,153.93548387096774,131.028918691521,0.3102891869217061,130.2297668003797,0.3022976680303745
2025-08-05,29.1,22.6,5.5,98,66,19.42,217,53.89999999999999,201.0,False,0,3.0,False,0,0,4.645161290322581,37.322580645161295,156.03870967741938,128.81419002646297,0.28814190027103836,144.4165946374443,0.4441659464012363
2025-08-06,29.6,22.9,2.4,96,65,18.1,218,56.199999999999996,191.20000000000002,False,0,3.0,False,0,0,4.235483870967743,36.983870967741936,156.8451612903226,121.9036650068325,0.21903665007470063,151.95813344552053,0.5195813344822441
2025-08-07,29.9,21.9,6.8,98,62,17.31,219,59.099999999999994,180.8,False,0,3.0,False,0,0,4.125806451612903,31.506451612903227,156.8516129032258,115.26818032173962,0.1526818032237717,187.58062864153268,0.8758062864470664
2025-08-08,26.2,22.2,9.4,97,77,9.92,220,57.599999999999994,172.70000000000002,False,0,3.0,False,0,0,6.470967741935484,32.92903225806452,158.24193548387098,109.13668331395716,0.09136683314589093,174.9216300887318,0.7492163009176863
2025-08-09,28.8,22.9,7.4,97,64,14.7,221,64.89999999999999,178.60000000000002,False,0,3.0,False,0,0,4.987096774193549,33.3258064516129,155.3903225806452,114.93637250554004,0.14936372506183573,194.743974439999,0.9474397444299966
2025-08-10,28.6,22.0,6.5,98,69,16.44,222,55.5,185.10000000000002,False,0,3.0,False,0,0,4.812903225806451,34.88064516129032,156.61290322580646,118.18949536484782,0.18189495365486336,159.11402940448303,0.5911402940734994
2025-08-11,29.6,22.3,1.3,96,65,22.01,223,39.3,176.6,False,0,3.0,False,0,0,5.706451612903226,34.983870967741936,158.8677419354839,111.16164795154295,0.111616479521724,112.33748270771558,0.12337482710574024
2025-08-12,29.0,22.5,13.3,98,67,18.33,224,47.099999999999994,177.0,False,0,3.0,False,0,0,6.645161290322581,36.983870967741936,162.07419354838711,109.209243077964,0.09209243078580988,127.35281290540956,0.2735281290811343
2025-08-13,28.9,22.0,3.6,98,66,14.16,225,48.3,179.7,False,0,3.0,False,0,0,7.645161290322581,40.39354838709678,166.57096774193553,107.88194511622586,0.07881945116826203,119.57355054806997,0.19573550550545596
2025-08-14,29.0,21.8,9.1,97,62,17.21,226,50.6,181.4,False,0,3.0,False,0,0,16.051612903225806,52.31935483870967,176.98387096774198,102.49521552844665,0.024952155290116705,96.71373080769585,-0.032862691903928126
2025-08-15,30.4,21.6,22.7,98,61,21.18,227,63.89999999999999,203.3,False,0,3.0,False,0,0,6.087096774193548,51.93548387096774,178.95806451612907,113.60203327441612,0.13602033274974898,123.0372670783763,0.23037267080301765
2025-08-16,26.3,22.0,22.6,98,81,10.64,228,79.1,225.8,False,0,3.0,False,0,0,7.790322580645161,54.73870967741935,179.54516129032262,125.76223072568699,0.25762230726243956,144.5046850112089,0.4450468501303575
2025-08-17,27.7,21.8,2.3,97,67,16.58,229,74.89999999999999,226.9,False,0,3.0,False,0,0,4.929032258064517,54.854838709677416,179.30967741935487,126.54085561041938,0.2654085561097707,136.54219347001893,0.36542193471841916
2025-08-18,28.6,22.5,5.1,96,65,19.09,230,78.7,232.0,False,0,3.0,False,0,0,12.14516129032258,61.29354838709678,187.63870967741937,123.64186494226502,0.23641864942797938,128.3985053397293,0.28398505341360797
2025-08-19,29.2,22.9,1.0,97,66,18.24,231,66.4,230.3,False,0,3.0,False,0,0,5.283870967741936,59.93225806451612,187.67741935483872,122.71055345414163,0.22710553454674456,110.79175412915954,0.10791754130828089
2025-08-20,30.2,22.6,0.7,93,59,21.87,232,63.49999999999999,221.7,True,2,3.0,False,0,0,6.238709677419355,58.5258064516129,186.52903225806455,118.85549252841648,0.1885549252895257,108.49914567416444,0.08499145675873071
2025-08-21,28.0,22.0,31.9,97,70,9.91,233,86.29999999999998,248.20000000000002,False,0,3.0,False,0,0,9.180645161290322,51.65483870967742,190.20000000000002,130.49421661340435,0.30494216613930103,167.07050521127883,0.6707050521321474
2025-08-22,27.2,21.9,6.5,99,75,11.92,234,70.1,244.4,False,0,3.0,False,0,0,6.480645161290322,52.04838709677419,189.78387096774193,128.77806673057773,0.2877806673110464,134.6823675214285,0.3468236752334976
2025-08-23,29.7,22.2,0.3,100,54,20.03,235,47.79999999999999,241.89999999999998,True,2,3.0,False,0,0,7.670967741935484,51.929032258064524,191.29032258064515,126.45699831299828,0.26456998313521046,92.04870170030219,-0.07951298297772123
2025-08-24,29.5,23.1,0.2,91,60,20.92,236,45.699999999999996,241.3,True,3,3.0,False,0,0,6.290322580645161,53.29032258064516,190.958064516129,126.36282243966465,0.2636282244018833,85.75665859403242,-0.1424334140409108
2025-08-25,29.6,23.1,1.3,92,64,19.98,237,41.89999999999999,240.2,False,0,3.0,False,0,0,5.829032258064517,46.97419354838709,191.31290322580645,125.55347598025661,0.25553475980779305,89.19791237277494,-0.10802087625096243
2025-08-26,30.2,21.7,7.5,98,58,19.05,238,48.39999999999999,217.89999999999998,False,0,3.0,False,0,0,9.980645161290322,51.670967741935485,196.51612903225802,110.88148391276474,0.10881483913273597,93.66962167380211,-0.06330378324262571
2025-08-27,29.5,22.5,3.2,95,60,19.46,239,50.89999999999999,219.6,False,0,3.0,False,0,0,9.55483870967742,54.98709677419355,200.41290322580642,109.57378315680583,0.09573783157304809,92.567171182172,-0.074328288160094
2025-08-28,31.0,22.0,1.3,98,57,22.85,240,20.299999999999997,220.29999999999998,False,0,3.0,False,0,0,10.270967741935484,56.07741935483871,205.73548387096773,107.07924362580836,0.07079243626294418,36.19995398002634,-0.6380004601819041
2025-08-29,30.9,23.3,0.4,93,60,17.44,241,14.199999999999996,220.6,True,2,3.0,False,0,0,9.948387096774193,59.54516129032258,211.10967741935485,104.49544648810596,0.04495446488579637,23.847445690048605,-0.76152554308272
2025-08-30,30.1,23.9,2.4,89,62,19.26,242,16.299999999999997,219.1,False,0,3.0,False,0,0,11.329032258064515,63.20322580645161,212.83548387096778,102.94336076582073,0.02943360766290581,25.78982289552417,-0.7421017710289364
2025-08-31,29.0,23.4,1.6,93,65,18.55,243,17.699999999999996,209.79999999999998,False,0,3.0,False,0,0,8.074193548387097,64.98709677419355,215.8612903225806,97.1920438747982,-0.02807956124738538,27.236175915395442,-0.7276382408306579
2025-09-01,29.7,23.0,1.5,94,63,21.65,244,17.899999999999995,211.2,False,0,3.0,False,0,0,7.380645161290323,66.53870967741935,218.65161290322578,96.5920155789156,-0.03407984420627057,26.90163378056239,-0.7309836621793473
2025-09-02,31.8,23.4,0.5,89,56,22.77,245,10.899999999999995,195.79999999999998,True,2,3.0,False,0,0,6.064516129032258,62.622580645161285,221.458064516129,88.41403018080452,-0.11585969818743931,17.405862050924846,-0.8259413794747829
2025-09-03,28.7,23.0,6.1,97,66,13.07,246,13.799999999999997,184.39999999999998,False,0,3.0,False,0,0,5.706451612903226,58.7741935483871,221.56129032258062,83.22753479666589,-0.16772465202882775,23.47969264504507,-0.7652030735325351
2025-09-04,29.0,23.1,3.0,96,63,14.56,247,15.499999999999996,181.89999999999998,False,0,3.0,False,0,0,6.864516129032259,55.36774193548387,223.78064516129032,81.2849564662227,-0.1871504353333044,27.994639943563364,-0.7200536005463054
2025-09-05,30.7,22.1,1.1,97,55,21.65,248,16.199999999999996,180.6,False,0,3.0,False,0,0,7.206451612903226,52.6258064516129,226.75161290322583,79.64662199614911,-0.2035337800340989,30.783376240680216,-0.6921662375741958
2025-09-06,31.6,22.8,0.4,97,58,20.86,249,14.199999999999998,174.2,True,2,3.0,False,0,0,9.23225806451613,50.52903225806452,231.85806451612905,75.13217207380362,-0.24867827925765093,28.102655770638922,-0.7189734422738202
2025-09-07,30.8,23.8,10.0,97,61,19.04,250,22.599999999999998,174.8,False,0,3.0,False,0,0,6.696774193548387,49.151612903225804,232.08387096774194,75.31759931026953,-0.2468240068929959,45.980179824489475,-0.5401982017347601
2025-09-08,30.6,23.5,1.2,96,61,19.09,251,22.299999999999997,168.6,False,0,3.0,False,0,0,8.73225806451613,50.50322580645162,235.8290322580645,71.49246994101574,-0.28507530058560226,44.15559529805261,-0.5584440469996732
2025-09-09,27.9,22.0,11.9,98,73,11.68,252,33.699999999999996,174.0,False,0,3.0,False,0,0,7.829032258064516,52.267741935483876,238.8451612903226,72.85054428537067,-0.2714945571421064,64.47571437264781,-0.3552428562543898
2025-09-10,30.2,22.4,1.8,98,63,21.71,253,29.399999999999995,174.5,False,0,3.0,False,0,0,6.038709677419354,52.6,239.1774193548387,72.95839233903006,-0.2704160766055185,55.89353612061038,-0.44106463877488483
2025-09-11,31.5,23.1,2.4,96,60,21.32,254,28.799999999999997,163.6,False,0,3.0,False,0,0,4.945161290322581,50.68064516129032,237.47741935483867,68.89076041156571,-0.311092395880132,56.82642734277792,-0.43173572655248954
2025-09-12,29.5,22.4,22.8,98,67,16.56,255,50.5,182.8,False,0,3.0,False,0,0,9.096774193548388,52.57096774193549,238.92903225806447,76.5080736617201,-0.2349192633786137,96.06062465301719,-0.03939375345080628
2025-09-13,26.2,22.2,98.4,99,80,7.31,256,148.5,272.1,False,0,3.0,False,0,0,8.345161290322581,51.68387096774194,231.2225806451613,117.67881806335916,0.17678818063791632,287.3236799345231,1.8732367993645798
2025-09-14,29.9,22.9,2.1,98,64,20.33,257,140.6,251.5,False,0,3.0,False,0,0,4.790322580645161,49.777419354838706,229.92580645161289,109.3831109609845,0.09383110961419418,282.4573909605624,1.8245739096257134
2025-09-15,30.4,22.4,3.4,98,67,20.13,258,142.79999999999998,232.3,False,0,3.0,False,0,0,5.148387096774194,46.193548387096776,227.28387096774193,102.20698856011123,0.022069885605511975,309.1340782055983,2.0913407820776313
2025-09-16,29.6,22.8,9.2,100,67,18.2,259,140.1,239.2,False,0,3.0,False,0,0,7.816129032258064,46.18064516129032,230.17096774193547,103.92275026933393,0.039227502697683915,303.37384743685067,2.0337384743901605
2025-09-17,30.2,23.0,3.2,99,64,18.99,260,141.5,237.3,False,0,3.0,False,0,0,6.993548387096774,47.13548387096774,225.01935483870966,105.45759504511882,0.05457595045563236,300.1984670070448,2.0019846700916637
2025-09-18,30.4,22.5,12.8,99,65,20.55,261,151.89999999999998,249.1,False,0,3.0,False,0,0,6.161290322580645,48.351612903225806,225.8967741935484,110.27160564296877,0.10271605643411426,314.1570484957376,2.141570484978058
2025-09-19,29.7,23.8,2.6,99,63,19.72,262,131.70000000000002,251.00000000000003,False,0,3.0,False,0,0,5.951612903225806,45.20645161290323,225.60967741935482,111.25409285184966,0.11254092852292893,291.33009846651123,1.9133009846872326
2025-09-20,30.5,22.5,4.0,98,68,17.16,263,37.29999999999998,223.10000000000002,False,0,3.0,False,0,0,4.367741935483871,41.229032258064514,220.7967741935484,101.04314286920797,0.0104314286966086,90.47022924434347,-0.09529770753231065
2025-09-21,29.1,23.4,6.6,99,69,14.35,264,41.79999999999998,223.20000000000002,False,0,3.0,False,0,0,4.270967741935484,40.70967741935484,218.58709677419353,102.1103273216308,0.02110327322088295,102.67828842853956,0.02678288430995972
2025-09-22,31.6,23.8,1.4,95,56,18.91,265,39.79999999999998,224.30000000000004,False,0,3.0,False,0,0,7.096774193548387,42.65806451612903,218.01290322580647,102.88381865483115,0.028838186552898132,93.30006049388057,-0.0669993950377522
2025-09-23,32.2,22.2,26.1,98,60,18.44,266,56.69999999999999,250.20000000000002,False,0,2.0,False,0,0,5.364516129032259,40.20645161290322,217.08709677419355,115.25328023484364,0.15253280235304276,141.02214377056185,0.4102214377304902
2025-09-24,31.2,21.7,5.0,98,61,21.61,267,58.499999999999986,253.90000000000003,False,0,2.0,False,0,0,5.622580645161291,38.83548387096774,216.88064516129032,117.06899885418932,0.17068998854650394,150.63543483290164,0.5063543483547659
2025-09-25,29.2,22.4,5.9,97,68,14.22,268,51.59999999999999,252.30000000000004,False,0,2.0,False,0,0,3.467741935483871,36.141935483870974,210.3677419354839,119.93283650692828,0.19932836507403637,142.77043912493224,0.42770439127699084
2025-09-26,30.7,22.6,0.8,100,63,21.51,269,49.79999999999998,249.9,True,2,2.0,False,0,0,3.332258064516129,33.5225806451613,204.14516129032262,122.41289405012327,0.2241289405061311,148.5565819817116,0.4855658198469463
2025-09-27,27.8,23.4,16.4,99,76,11.98,270,62.19999999999998,265.0,False,0,2.0,False,0,0,4.690322580645161,33.84516129032259,198.56451612903228,133.45788319321952,0.33457883193723126,183.77811665488258,0.8377811665783721
2025-09-28,29.8,22.2,2.8,98,67,19.35,271,58.39999999999998,267.4,False,0,2.0,False,0,0,3.338709677419355,32.91290322580645,191.95483870967743,139.30359963628567,0.3930359963680662,177.43800842350225,0.7743800842654058
2025-09-29,27.4,21.9,30.4,98,70,11.15,272,87.39999999999998,295.40000000000003,False,0,2.0,False,0,0,2.6129032258064515,28.42903225806452,183.2387096774194,161.2104781344628,0.6121047813500852,307.4322024174169,2.074322024209344
2025-09-30,31.9,22.5,2.0,97,60,22.72,273,63.29999999999998,295.8,False,0,2.0,False,0,0,3.393548387096774,26.458064516129035,178.5580645161291,165.66039780948898,0.6566039781004901,239.24652522870434,1.3924652523248389
2025-10-01,31.7,22.9,11.3,97,65,23.06,274,69.6,305.59999999999997,False,0,2.0,False,0,0,4.706451612903226,25.54193548387097,175.88387096774198,173.75100872911258,0.7375100872968112,272.4930537907965,1.7249305379471165
2025-10-02,29.5,23.9,0.2,95,66,14.82,275,63.899999999999984,305.3,True,2,2.0,False,0,0,4.567741935483871,26.64193548387097,174.38709677419357,175.07029226684662,0.7507029226742005,239.84743914828024,1.3984743915203373
2025-10-03,31.5,23.9,0.1,97,64,21.59,276,63.19999999999998,299.3,True,3,3.0,False,0,0,3.5032258064516126,26.81290322580645,172.18387096774197,173.82580512104678,0.7382580512162753,235.7074109632977,1.357074109670272
2025-10-04,32.9,23.5,5.8,96,56,22.92,277,52.59999999999999,302.1,False,0,3.0,False,0,0,3.393548387096774,25.516129032258064,168.7129032258065,179.06158581947741,0.7906158582007015,206.14412135728125,1.0614412136120037
2025-10-05,31.7,22.5,18.7,96,59,20.9,278,68.49999999999999,319.7,False,0,3.0,False,0,0,4.22258064516129,26.400000000000002,165.72903225806454,192.90524758525768,0.9290524758586107,259.4696969598685,1.5946969696365636
2025-10-06,30.2,22.5,8.5,98,62,18.95,279,46.59999999999998,327.8,False,0,3.0,False,0,0,3.6225806451612894,27.40967741935484,160.1193548387097,204.722283778966,1.0472228377959052,170.01294573935454,0.7001294574300286
2025-10-07,30.0,23.4,13.4,98,71,19.03,280,57.99999999999998,331.20000000000005,False,0,3.0,False,0,0,6.203225806451614,30.219354838709677,159.62580645161293,207.4852477555509,1.0748524775617734,191.92997437451976,0.9192997437782889
2025-10-08,29.7,22.8,8.7,98,68,12.78,281,55.399999999999984,338.70000000000005,False,0,3.0,False,0,0,4.506451612903225,30.019354838709674,155.4,217.95366795226548,1.1795366795290896,184.5476036903922,0.8454760369372339
2025-10-09,31.3,22.4,0.0,98,54,22.06,282,55.19999999999998,326.8,True,2,3.0,False,0,0,2.519354838709677,27.970967741935485,150.0903225806452,217.73555708245573,1.17735557083122,197.34748009904527,0.9734748010262041
2025-10-10,31.8,23.0,9.8,97,62,22.42,283,64.89999999999999,334.8,False,0,3.0,False,0,0,3.1516129032258067,27.619354838709675,147.20322580645163,227.4406679361316,1.2744066793681093,234.98014481746742,1.3498014482108807
2025-10-11,28.9,21.5,11.8,97,65,18.21,284,70.89999999999998,344.2,False,0,3.0,False,0,0,3.980645161290323,28.206451612903226,146.23870967741937,235.36859751901522,1.35368597519699,251.36093320243336,1.5136093320597868
2025-10-12,29.5,23.1,0.6,98,70,15.33,285,52.79999999999999,322.0,True,2,3.0,False,0,0,2.825806451612904,26.80967741935484,139.96774193548384,230.0530076037955,1.3005300760450993,196.94380940187065,0.9694380940560064
2025-10-13,31.5,23.5,11.8,97,61,21.79,286,56.09999999999999,235.4,False,0,3.0,False,0,0,2.55483870967742,25.74193548387097,134.1774193548387,175.43935569048242,0.7543935569122768,217.93233081860154,1.1793233082248626
2025-10-14,31.1,23.5,0.9,98,63,20.3,287,43.59999999999999,234.20000000000002,True,2,3.0,False,0,0,1.783870967741935,21.322580645161292,131.1709677419355,178.5456065697231,0.7854560657048547,204.47806353050098,1.0447806353519082
2025-10-15,32.0,24.0,2.6,98,60,21.73,288,37.499999999999986,233.4,False,0,3.0,False,0,0,2.648387096774193,19.464516129032262,128.6709677419355,181.3929001189272,0.8139290011970437,192.65826979454346,0.9265826979968101
2025-10-16,31.5,22.5,3.0,99,59,19.55,289,40.499999999999986,227.20000000000002,False,0,3.0,False,0,0,1.7129032258064516,18.65806451612903,122.56774193548388,185.3668807227744,0.8536688072359028,217.06431534106324,1.1706431534642285
2025-10-17,31.9,23.6,0.4,92,58,22.35,290,31.099999999999987,224.4,True,2,3.0,False,0,0,1.1096774193548389,16.616129032258065,116.68387096774195,192.31449739965666,0.923144974005137,187.1675402721758,0.8716754027819406
2025-10-18,32.5,23.4,0.7,96,54,22.06,291,19.999999999999986,212.3,True,3,3.0,False,0,0,2.6096774193548384,15.245161290322581,113.13225806451614,187.6564683054896,0.8765646830637354,131.18916630540224,0.31189166311961675
2025-10-19,30.4,23.4,0.0,98,65,14.55,292,19.399999999999988,209.7,True,4,4.0,False,0,0,1.0806451612903225,13.499999999999998,108.26129032258063,193.69804236881959,0.9369804236974326,143.7037036930589,0.43703703700466323
2025-10-20,33.0,23.0,0.0,97,49,22.93,293,7.599999999999985,205.7,True,5,5.0,False,0,0,1.8806451612903228,12.825806451612902,105.7741935483871,194.47087526501107,0.9447087526595649,59.25553319457504,-0.4074446679762818
2025-10-21,33.8,24.5,0.0,95,46,22.55,294,6.699999999999985,199.1,True,6,6.0,False,0,0,1.6451612903225807,12.687096774193547,103.1483870967742,193.0228921672555,0.9302289216822499,52.80956012805203,-0.47190439864065953
2025-10-22,33.9,24.5,0.0,86,45,22.51,295,4.099999999999985,197.7,True,7,7.0,False,0,0,0.8999999999999999,10.938709677419354,96.9516129032258,203.91615371608006,1.0391615371711151,37.4815688553171,-0.6251843113554105
2025-10-23,33.9,24.7,0.0,96,47,22.15,296,1.0999999999999859,171.6,True,8,8.0,False,0,0,1.719354838709677,10.94516129032258,93.30645161290322,183.91011235757952,0.8391011235865128,10.050103152633076,-0.8994989683823047
2025-10-24,34.2,24.9,0.0,90,45,20.76,297,0.6999999999999857,166.6,True,9,9.0,False,0,0,1.07741935483871,10.912903225806451,88.76129032258065,187.69443232816593,0.8769443232929256,6.414425065921102,-0.9358557492491544
2025-10-25,33.6,23.9,0.0,90,44,22.01,298,0.0,160.7,True,10,10.0,False,0,0,0.7193548387096774,9.02258064516129,86.01290322580645,186.83243324115216,0.8683243324231478,0.0,-0.999999999889167
2025-10-26,34.2,23.9,0.0,89,43,21.65,299,0.0,159.9,True,11,11.0,False,0,0,1.0419354838709678,8.983870967741936,83.7225806451613,190.987901669908,0.9098790167110246,0.0,-0.9999999998886894
2025-10-27,34.6,24.4,0.0,89,38,21.98,300,0.0,143.5,True,12,12.0,False,0,0,1.070967741935484,8.174193548387096,80.10322580645162,179.1438466472481,0.791438466484965,0.0,-0.9999999998776637
2025-10-28,35.0,25.1,0.0,89,37,21.97,301,0.0,140.70000000000002,True,13,13.0,False,0,0,0.9516129032258064,7.480645161290323,77.71612903225807,181.04349991465537,0.8104349991594209,0.0,-0.9999999998663217
2025-10-29,34.3,25.6,0.0,89,42,21.1,302,0.0,110.30000000000001,True,14,14.0,False,0,0,1.470967741935484,8.051612903225807,76.57419354838711,144.04330608961774,0.44043306090923673,0.0,-0.9999999998758012
2025-10-30,34.3,25.1,0.0,94,40,21.33,303,0.0,108.30000000000001,True,15,15.0,False,0,0,0.9161290322580644,7.248387096774193,74.0967741935484,146.16020896624684,0.46160208967596433,0.0,-0.9999999998620382
2025-10-31,34.0,25.4,0.0,86,39,21.0,304,0.0,97.0,True,16,16.0,False,0,0,0.7032258064516128,6.874193548387097,70.09354838709679,138.38648810148186,0.38386488102908534,0.0,-0.9999999998545284
2025-11-01,34.0,24.8,0.0,91,40,21.27,305,0.0,96.8,True,17,17.0,False,0,0,0.4580645161290322,6.612903225806452,65.98387096774192,146.7025177196051,0.4670251772112064,0.0,-0.9999999998487805
2025-11-02,34.0,23.8,0.0,85,40,21.18,306,0.0,96.7,True,18,18.0,False,0,0,0.2225806451612903,5.7935483870967746,62.70322580645161,154.21854099970122,0.5421854100129604,0.0,-0.9999999998273942
2025-11-03,33.5,23.4,0.0,82,39,21.11,307,0.0,90.9,True,19,19.0,False,0,0,0.5258064516129033,5.248387096774193,59.835483870967735,151.91654536378815,0.519165453654594,0.0,-0.9999999998094653
2025-11-04,33.2,23.8,0.5,87,47,20.62,308,0.4999999999999858,72.7,True,20,20.0,False,0,0,0.3838709677419355,4.680645161290323,55.996774193548376,129.82890719279646,0.2982890719458227,10.682288074905617,-0.893177119037298
2025-11-05,33.9,23.2,0.8,92,45,20.21,309,1.2999999999999858,65.0,True,21,21.0,False,0,0,0.4419354838709677,3.6516129032258062,52.81612903225806,123.0684663752427,0.23068466377136074,35.60070670403122,-0.6439929326858362
2025-11-06,34.3,25.0,0.0,84,43,19.93,310,1.2999999999999858,51.6,True,22,22.0,False,0,0,0.567741935483871,3.303225806451613,47.18064516129032,109.36688089471464,0.09366880896834155,39.35546873808532,-0.6064453123164124
2025-11-07,34.8,23.5,12.4,93,41,19.63,311,13.699999999999987,55.3,False,0,22.0,False,0,0,1.0935483870967742,3.693548387096774,43.767741935483876,126.34876178956603,0.263487617918508,370.9170304672623,2.709170304943365
2025-11-08,33.2,23.5,0.2,93,48,19.51,312,13.899999999999986,55.5,True,2,22.0,False,0,0,0.2870967741935483,3.52258064516129,41.535483870967745,133.6206896519554,0.3362068965436296,394.5970694850499,2.945970695134382
2025-11-09,34.2,24.7,0.0,89,37,20.15,313,13.899999999999986,45.7,True,3,22.0,False,0,0,0.2225806451612903,3.52258064516129,38.60645161290323,118.37399732313705,0.1837399732572728,394.5970694850499,2.945970695134382
2025-11-10,34.8,25.2,0.0,78,34,20.6,314,13.899999999999986,33.9,True,4,22.0,False,0,0,0.1032258064516129,3.1,34.72903225806452,97.61285528234626,-0.02387144714774306,448.38709662955205,3.4838709666181016
2025-11-11,34.5,24.9,0.0,75,36,20.41,315,13.399999999999986,33.3,True,5,22.0,False,0,0,0.635483870967742,3.3516129032258064,32.538709677419355,102.33964508459152,0.023396450876647778,399.8075070991908,2.998075071290272
2025-11-12,35.0,24.6,0.0,81,31,19.38,316,12.599999999999985,21.5,True,6,22.0,False,0,0,0.0677419354838709,2.9774193548387093,30.051612903225802,71.54358093364337,-0.28456419063029026,423.18526529665456,3.231852653302407
2025-11-13,34.2,24.9,0.0,75,37,19.67,317,12.599999999999985,20.6,True,7,22.0,False,0,0,0.7096774193548387,3.1193548387096772,28.97741935483871,71.08983635511102,-0.28910163641438025,403.92967929139746,3.039296793234554
2025-11-14,34.5,24.9,0.0,93,31,20.37,318,0.1999999999999858,18.0,True,8,22.0,False,0,0,0.0290322580645161,2.0548387096774188,26.358064516129033,68.29029494294822,-0.31709705053257864,9.73312401410093,-0.9026687593723345
2025-11-15,34.2,23.4,0.0,85,33,19.66,319,0.0,15.0,True,9,22.0,False,0,0,0.0129032258064516,1.7806451612903227,24.65806451612903,60.83202511527238,-0.39167974880672146,0.0,-0.9999999994384058
2025-11-16,33.9,21.7,0.0,74,33,19.57,320,0.0,14.6,True,10,22.0,False,0,0,0.1032258064516128,1.661290322580645,23.651612903225804,61.72940534381668,-0.38270594651955275,0.0,-0.9999999993980582
2025-11-17,33.4,22.8,0.0,77,35,19.88,321,0.0,13.9,True,11,22.0,False,0,0,0.0064516129032258,1.5645161290322578,21.04838709677419,66.03831417310776,-0.3396168582214127,0.0,-0.9999999993608247
2025-11-18,33.3,21.4,0.0,79,35,19.81,322,0.0,13.9,True,12,22.0,False,0,0,0.0354838709677419,0.9645161290322579,20.003225806451614,69.48879212682768,-0.30511207868173124,0.0,-0.9999999989632107
2025-11-19,34.2,22.9,0.0,72,30,20.33,323,0.0,13.9,True,13,22.0,False,0,0,0.0032258064516129,0.8999999999999999,18.125806451612902,76.68624309952435,-0.2331375689495866,0.0,-0.9999999988888889
2025-11-20,34.7,23.4,0.0,72,34,20.19,324,0.0,13.9,True,14,22.0,False,0,0,0.1741935483870967,0.36451612903225783,16.65483870967742,83.45922912533945,-0.16540770868656282,0.0,-0.9999999972566371
2025-11-21,34.8,23.5,0.0,79,34,18.57,325,0.0,13.9,True,15,22.0,False,0,0,0.0161290322580645,0.3516129032258062,15.770967741935483,88.1366332527465,-0.11863366740912724,0.0,-0.9999999971559632
2025-11-22,34.5,23.9,0.0,72,35,19.21,326,0.0,13.9,True,16,22.0,False,0,0,0.0161290322580645,0.35483870967741915,14.06774193548387,98.80761292578988,-0.011923870671016537,0.0,-0.9999999971818181
2025-11-23,34.3,22.9,0.0,85,33,18.99,327,0.0,13.9,True,17,22.0,False,0,0,0.0161290322580645,0.26774193548387076,13.006451612903223,106.87003967432301,0.06870039682011501,0.0,-0.9999999962650602
2025-11-24,34.8,22.0,0.0,85,32,19.84,328,0.0,13.9,True,18,22.0,False,0,0,0.0548387096774193,0.3161290322580643,12.341935483870968,112.62415053975079,0.1262415054785325,0.0,-0.9999999968367346
2025-11-25,35.1,20.0,0.0,62,22,20.33,329,0.0,13.9,True,19,22.0,True,1,1,0.3677419354838709,0.6483870967741934,11.667741935483868,119.13187723612641,0.19131877244697057,0.0,-0.9999999984577115
2025-11-26,34.6,20.4,0.0,66,28,19.79,330,0.0,13.9,True,20,22.0,False,1,1,0.1580645161290322,0.8032258064516126,10.754838709677417,129.24415115774877,0.29244151167046917,0.0,-0.9999999987550201
2025-11-27,34.8,22.0,0.0,74,34,18.94,331,0.0,13.9,True,21,22.0,False,1,1,0.2032258064516129,0.8322580645161288,10.006451612903223,138.91038038586007,0.38910380395853605,0.0,-0.9999999987984497
2025-11-28,35.2,24.2,0.0,81,34,18.4,332,0.0,13.9,True,22,22.0,True,2,2,0.0096774193548387,0.825806451612903,8.54516129032258,162.6651566438557,0.6266515665555825,0.0,-0.9999999987890625
2025-11-29,35.0,25.1,0.0,80,35,18.19,333,0.0,13.9,True,23,23.0,False,2,2,0.0096774193548387,0.8193548387096772,7.638709677419355,181.9679053815836,0.8196790539467481,0.0,-0.9999999987795276
2025-11-30,34.2,24.9,0.0,82,41,17.6,334,0.0,13.9,True,24,24.0,False,2,2,0.0354838709677419,0.8387096774193545,6.970967741935484,199.39842662572258,0.9939842664006779,0.0,-0.9999999988076923
2025-12-01,34.4,25.3,0.0,79,39,16.0,335,0.0,13.9,True,25,25.0,False,2,2,0.0,0.7838709677419352,6.5129032258064505,213.4224863466266,1.1342248636198073,0.0,-0.9999999987242799
2025-12-02,35.0,24.2,0.0,83,37,18.39,336,0.0,13.9,True,26,26.0,False,1,2,0.0096774193548387,0.42580645161290304,6.3,220.63492059989923,1.2063492061577223,0.0,-0.999999997651515
2025-12-03,34.8,24.1,0.0,78,32,18.0,337,0.0,13.9,True,27,27.0,False,1,2,0.0290322580645161,0.29677419354838697,5.8032258064516125,239.52195660130528,1.395219566185371,0.0,-0.9999999966304347
2025-12-04,34.0,22.1,0.0,64,26,17.15,338,0.0,13.4,True,28,28.0,False,1,2,0.0,0.0935483870967741,5.419354838709677,247.2619047162791,1.4726190473473146,0.0,-0.999999989310345
2025-12-05,34.3,20.9,0.0,62,32,18.91,339,0.0,12.6,True,29,29.0,False,0,2,0.0032258064516129,0.08709677419354829,4.9806451612903215,252.97927456060654,1.5297927458068425,0.0,-0.9999999885185187
2025-12-06,35.0,21.4,0.0,67,26,18.93,340,0.0,12.6,True,30,30.0,False,0,2,0.0,0.0774193548387096,4.412903225806451,285.5263157247711,1.8552631574743195,0.0,-0.9999999870833335
2025-12-07,35.3,20.8,0.0,70,19,19.11,341,0.0,0.2,True,31,31.0,True,1,3,0.0096774193548387,0.051612903225806396,3.3290322580645153,6.007751936179844,-0.9399224803378139,0.0,-0.9999999806250004
2025-12-08,35.4,21.8,0.0,60,31,18.4,342,0.0,0.0,True,32,32.0,True,2,4,0.0,0.051612903225806396,3.041935483870967,0.0,-0.9999999996712619,0.0,-0.9999999806250004
2025-12-09,33.7,23.8,0.0,81,41,15.68,343,0.0,0.0,True,33,33.0,False,2,4,0.0,0.041935483870967696,2.819354838709677,0.0,-0.999999999645309,0.0,-0.9999999761538467
2025-12-10,34.7,21.7,0.0,87,32,17.86,344,0.0,0.0,True,34,34.0,False,2,4,0.0,0.0129032258064516,2.716129032258064,0.0,-0.999999999631829,0.0,-0.999999922500006
2025-12-11,35.2,21.8,0.0,60,25,18.23,345,0.0,0.0,True,35,35.0,True,3,5,0.0,0.0129032258064516,2.080645161290322,0.0,-0.9999999995193798,0.0,-0.999999922500006
2025-12-12,35.9,24.4,0.0,74,32,17.43,346,0.0,0.0,True,36,36.0,True,4,6,0.0,0.0096774193548387,2.0129032258064514,0.0,-0.9999999995032051,0.0,-0.9999998966666774
2025-12-13,35.4,25.0,0.0,76,32,17.06,347,0.0,0.0,True,37,37.0,True,5,7,0.0064516129032258,0.016129032258064502,1.309677419354838,0.0,-0.9999999992364531,0.0,-0.9999999380000039
2025-12-14,35.5,25.2,0.3,78,33,16.2,348,0.2999999999999858,0.3,True,38,38.0,True,5,8,0.0096774193548387,0.016129032258064502,1.2903225806451606,23.249999981981258,-0.7674999994051873,1859.9998846799206,17.599998908799204
2025-12-15,33.7,24.5,0.0,79,29,15.86,349,0.2999999999999858,0.3,True,39,39.0,False,4,8,0.0,0.016129032258064502,1.2774193548387092,23.48484846646389,-0.7651515145525327,1859.9998846799206,17.599998908799204
2025-12-16,35.0,22.4,0.0,45,18,16.76,350,0.2999999999999858,0.3,True,40,40.0,False,4,8,0.0,0.016129032258064502,1.1741935483870962,25.549450527691413,-0.7445054938714374,1859.9998846799206,17.599998908799204
2025-12-17,34.3,20.1,0.0,50,21,18.11,351,0.2999999999999858,0.3,True,41,41.0,False,4,8,0.0354838709677419,0.0516129032258064,1.2032258064516124,24.932975850591905,-0.7506702406629816,581.2499887382545,4.812499906757544
2025-12-18,34.9,20.4,0.0,65,22,18.33,352,0.2999999999999858,0.3,True,42,42.0,False,3,8,0.0290322580645161,0.08064516129032251,1.1967741935483867,25.06738542379815,-0.7493261449264389,371.9999953871827,2.7199999662718275
2025-12-19,34.5,21.0,0.0,56,21,17.79,353,0.2999999999999858,0.3,True,43,43.0,False,2,8,0.0032258064516129,0.0838709677419354,1.1967741935483867,25.06738542379815,-0.7493261449264389,357.69230342749825,2.576923046198059
2025-12-20,35.6,22.1,0.0,44,16,18.21,354,0.2999999999999858,0.3,True,44,44.0,True,2,9,0.0,0.0774193548387096,1.0225806451612898,29.33753940348696,-0.7066246049872122,387.4999949947738,2.874999962864404
2025-12-21,35.6,22.2,0.0,39,16,18.47,355,0.0,0.3,True,45,45.0,True,2,10,0.0,0.0677419354838709,1.0064516129032253,29.807692278075702,-0.7019230762256531,0.0,-0.9999999852380954
2025-12-22,35.7,21.9,0.0,50,18,18.49,356,0.0,0.3,True,46,46.0,True,3,11,0.0,0.0677419354838709,0.9903225806451609,30.29315957853135,-0.6970684032049146,0.0,-0.9999999852380954
2025-12-23,35.4,22.0,0.0,60,22,18.37,357,0.0,0.3,True,47,47.0,True,4,12,0.5,0.5677419354838709,1.4741935483870965,20.35010939538614,-0.7964989053678015,0.0,-0.9999999982386364
2025-12-24,35.4,21.9,0.0,65,29,17.3,358,0.0,0.3,True,48,48.0,True,5,13,0.6000000000000001,1.132258064516129,2.019354838709677,14.856230024591962,-0.8514376992588726,0.0,-0.999999999116809
2025-12-25,35.0,25.2,0.0,76,32,17.23,359,0.0,0.3,True,49,49.0,False,5,12,0.0,1.103225806451613,1.6516129032258062,18.164062489002227,-0.8183593745045089,0.0,-0.9999999990935672
2025-12-26,36.5,23.6,0.0,69,21,18.23,360,0.0,0.3,True,50,50.0,True,6,13,0.0,1.1,1.493548387096774,20.08639307510414,-0.799136068579412,0.0,-0.999999999090909
2025-12-27,35.8,23.3,0.0,78,28,17.85,361,0.0,0.3,True,51,51.0,True,6,14,0.0,1.1,1.2903225806451613,23.249999981981247,-0.7674999994051874,0.0,-0.999999999090909
2025-12-28,36.9,23.0,0.0,73,15,18.51,362,0.0,0.3,True,52,52.0,True,6,14,0.0,1.1,1.2806451612903225,23.425692676922,-0.7657430724499235,0.0,-0.999999999090909
2025-12-29,35.7,22.0,0.0,70,27,17.54,363,0.0,0.3,True,53,53.0,True,6,15,0.0,1.1,1.2709677419354837,23.604060895133863,-0.7639593902618592,0.0,-0.999999999090909
2025-12-30,35.5,24.4,0.0,80,30,17.02,364,0.0,0.3,True,54,54.0,True,6,16,0.0,0.6000000000000001,1.2354838709677418,24.281984314549828,-0.7571801560451021,0.0,-0.9999999983333334
2025-12-31,37.3,23.6,0.0,81,21,17.7,365,0.0,0.3,True,55,55.0,True,6,17,0.0032258064516129,0.0032258064516129,1.2387096774193547,24.218749980448408,-0.7578124993882241,0.0,-0.9999996900000961
